{
  "autocorr_decay_len": 16.0,
  "bimodality_ashman_D": 3.0554388652052435,
  "dwt_haar_HH_LL_ratio": 0.0,
  "edge_tortuosity_mean": 1.0186322632467932,
  "fft_high_low_ratio": 0.17210950689716537,
  "gabor_f08_anisotropy": 5.811436015301543,
  "glcm_diss_d3_aniso": 0.0814510541184049,
  "glrlm_sre": 0.5683683177172364,
  "glszm_small_area_emphasis": 0.5477978310163206,
  "hemoglobin_od_std": 0.08137431551872909,
  "jpeg_blockiness": 2.009139633178711,
  "lacunarity": 1.8072252874213153,
  "lbp_r1_hist_entropy": 3.2640386656506193,
  "melanin_hemo_slope": 1.02866442372398,
  "ngtdm_coarseness": 0.13607391730825288,
  "noise_level": 2.4371697902679443,
  "overall_quality": 0.7016269654137748,
  "pore_density_r2_mpx": 41042.65288085523,
  "pore_eccentricity_mean": 0.8357871069809809,
  "q_jpeg_blockiness": 2.009139633178711,
  "q_laplacian_var": 301.7978515625,
  "q_noise_sigma": 2.4371697902679443,
  "q_tenengrad": 36.23994827270508,
  "seam_score": 0.006402397856366471,
  "shannon_entropy_q32": 4.9470143024348605,
  "sharpness_score": 301.7978515625,
  "spectral_slope_beta": 2.202856998627038,
  "specular_dispersion": 0.0,
  "specular_elongation": 1.0,
  "specular_sharpness": 0.0,
  "sss_index": 0.10628539244197528,
  "texture_noise_sigma": 2.4371697902679443,
  "texture_unreliable": 0.0,
  "tv_residual_sparsity": 0.8282799124717712,
  "wld_joint_entropy": 6.516254398946739
}