{
  "autocorr_decay_len": 16.0,
  "bimodality_ashman_D": 0.0,
  "dwt_haar_HH_LL_ratio": 0.0,
  "edge_tortuosity_mean": 1.0,
  "fft_high_low_ratio": 0.32766077321071446,
  "gabor_f08_anisotropy": 0.0,
  "glcm_diss_d3_aniso": 0.0,
  "glrlm_sre": 0.0,
  "glszm_small_area_emphasis": 0.0,
  "hemoglobin_od_std": 0.0,
  "jpeg_blockiness": 1.9138415336608887,
  "lacunarity": 0.0,
  "lbp_r1_hist_entropy": 0.0,
  "melanin_hemo_slope": 0.26349940808644395,
  "ngtdm_coarseness": 0.0,
  "noise_level": 2.9326226711273193,
  "overall_quality": 0.764698018183027,
  "pore_density_r2_mpx": 0.0,
  "pore_eccentricity_mean": 0.0,
  "q_jpeg_blockiness": 1.9138415336608887,
  "q_laplacian_var": 349.8819885253906,
  "q_noise_sigma": 2.9326226711273193,
  "q_tenengrad": 33.26802444458008,
  "seam_score": 0.010754761891120481,
  "shannon_entropy_q32": 0.0,
  "sharpness_score": 349.8819885253906,
  "spectral_slope_beta": 2.3831332971692882,
  "specular_dispersion": 0.0,
  "specular_elongation": 1.0,
  "specular_sharpness": 0.0,
  "sss_index": 0.07917160438084163,
  "texture_noise_sigma": 0.0,
  "texture_unreliable": 0.0,
  "tv_residual_sparsity": 0.8408500552177429,
  "wld_joint_entropy": 0.0
}