{
  "autocorr_decay_len": 27.0,
  "bimodality_ashman_D": 3.3515571202802943,
  "dwt_haar_HH_LL_ratio": 0.0,
  "edge_tortuosity_mean": 1.0224710707350013,
  "fft_high_low_ratio": 0.3198039476120783,
  "gabor_f08_anisotropy": 11.166345088626715,
  "glcm_diss_d3_aniso": 0.11562748419065458,
  "glrlm_sre": 0.5714757937833843,
  "glszm_small_area_emphasis": 0.49089303032043197,
  "hemoglobin_od_std": 0.14117611414529987,
  "jpeg_blockiness": 2.399686813354492,
  "lacunarity": 3.7593250829128193,
  "lbp_r1_hist_entropy": 3.272179445367007,
  "melanin_hemo_slope": -1.258187052587395,
  "ngtdm_coarseness": 0.11453724356401065,
  "noise_level": 3.055910348892212,
  "overall_quality": 0.973806482723781,
  "pore_density_r2_mpx": 14700.193423597679,
  "pore_eccentricity_mean": 0.8870871453696362,
  "q_jpeg_blockiness": 2.399686813354492,
  "q_laplacian_var": 664.3101196289062,
  "q_noise_sigma": 3.055910348892212,
  "q_tenengrad": 49.14335632324219,
  "seam_score": 0.1189584363779575,
  "shannon_entropy_q32": 4.986586970657337,
  "sharpness_score": 664.3101196289062,
  "spectral_slope_beta": 2.1185442059752506,
  "specular_dispersion": 0.0,
  "specular_elongation": 3.5045505324872632,
  "specular_sharpness": 0.0,
  "sss_index": 0.25075825633930615,
  "texture_noise_sigma": 3.055910348892212,
  "texture_unreliable": 0.0,
  "tv_residual_sparsity": 0.7871835827827454,
  "wld_joint_entropy": 6.390863111647638
}