{
  "autocorr_decay_len": 14.0,
  "bimodality_ashman_D": 2.968359007458051,
  "dwt_haar_HH_LL_ratio": 0.0,
  "dwt_haar_HH_LL_ratio_weight": 0.2,
  "edge_tortuosity_mean": 1.034438239007085,
  "fft_high_low_ratio": 0.13583195709154441,
  "gabor_f08_anisotropy": 5.641728580758435,
  "gabor_f08_anisotropy_weight": 0.2,
  "glcm_diss_d3_aniso": 0.0440942527590872,
  "glrlm_sre": 0.42968354164277955,
  "glrlm_sre_weight": 0.2,
  "glszm_small_area_emphasis": 0.39662909289448245,
  "hemoglobin_od_std": 0.1083254462813049,
  "jpeg_blockiness": 1.9748829841613769,
  "lacunarity": 1.7578892899972858,
  "lbp_r1_hist_entropy": 3.2295262555814452,
  "lbp_r1_hist_entropy_weight": 0.2,
  "melanin_hemo_slope": -0.37660069633121207,
  "ngtdm_coarseness": 0.18567433952165563,
  "ngtdm_coarseness_weight": 0.2,
  "noise_level": 1.7128443717956543,
  "overall_quality": 0.46303240808759416,
  "pore_density_r2_mpx": 30059.527477538544,
  "pore_eccentricity_mean": 0.8004747695855222,
  "pore_eccentricity_mean_weight": 0.2,
  "q_jpeg_blockiness": 1.9748829841613769,
  "q_laplacian_var": 126.93852233886719,
  "q_noise_sigma": 1.7128443717956543,
  "q_tenengrad": 38.676937103271484,
  "seam_score": 0.009083469284963747,
  "shannon_entropy_q32": 5.03769458959348,
  "shannon_entropy_q32_weight": 0.2,
  "sharpness_score": 126.93852233886719,
  "spectral_slope_beta": 3.040016376640353,
  "specular_dispersion": 0.0,
  "specular_elongation": 1.0,
  "specular_elongation_weight": 0.2,
  "specular_sharpness": 0.0,
  "sss_index": 0.270066124952868,
  "texture_noise_sigma": 1.7128443717956543,
  "texture_unreliable": 0.0,
  "tv_residual_sparsity": 0.7889337539672852,
  "wld_joint_entropy": 6.816574097621152
}