{
  "autocorr_decay_len": 21.0,
  "bimodality_ashman_D": 3.546895460641775,
  "dwt_haar_HH_LL_ratio": 0.0,
  "dwt_haar_HH_LL_ratio_weight": 0.2,
  "edge_tortuosity_mean": 1.0513071397061995,
  "fft_high_low_ratio": 0.12215109297440845,
  "gabor_f08_anisotropy": 4.087077943900919,
  "gabor_f08_anisotropy_weight": 0.2,
  "glcm_diss_d3_aniso": 0.051630831708023385,
  "glrlm_sre": 0.3759204918647987,
  "glrlm_sre_weight": 0.2,
  "glszm_small_area_emphasis": 0.4950110013564155,
  "hemoglobin_od_std": 0.15182209427710888,
  "jpeg_blockiness": 1.672581148147583,
  "lacunarity": 2.1851482454245224,
  "lbp_r1_hist_entropy": 3.260258692725351,
  "lbp_r1_hist_entropy_weight": 0.2,
  "melanin_hemo_slope": -1.0675704057430038,
  "ngtdm_coarseness": 0.32013223904896737,
  "ngtdm_coarseness_weight": 0.2,
  "noise_level": 1.0378679037094116,
  "overall_quality": 0.3652739379746573,
  "pore_density_r2_mpx": 30110.23622047244,
  "pore_eccentricity_mean": 0.8424185631579101,
  "pore_eccentricity_mean_weight": 0.2,
  "q_jpeg_blockiness": 1.672581148147583,
  "q_laplacian_var": 52.97853469848633,
  "q_noise_sigma": 1.0378679037094116,
  "q_tenengrad": 20.779640197753906,
  "seam_score": 0.00580189965166889,
  "shannon_entropy_q32": 4.651807169515945,
  "shannon_entropy_q32_weight": 0.2,
  "sharpness_score": 52.97853469848633,
  "spectral_slope_beta": 2.6689676568422116,
  "specular_dispersion": 0.0,
  "specular_elongation": 1.0,
  "specular_elongation_weight": 0.2,
  "specular_sharpness": 0.0,
  "sss_index": 0.00945939253857945,
  "texture_noise_sigma": 1.0378679037094116,
  "texture_unreliable": 0.0,
  "tv_residual_sparsity": 0.7967336773872375,
  "wld_joint_entropy": 6.444582287088605
}