{
  "autocorr_decay_len": 34.0,
  "bimodality_ashman_D": 3.054001775558795,
  "dwt_haar_HH_LL_ratio": 0.0,
  "dwt_haar_HH_LL_ratio_weight": 0.2,
  "edge_tortuosity_mean": 0.950576451826355,
  "fft_high_low_ratio": 0.05108197401777771,
  "gabor_f08_anisotropy": 2.8204052858019564,
  "gabor_f08_anisotropy_weight": 0.2,
  "glcm_diss_d3_aniso": 0.026517584208412163,
  "glrlm_sre": 0.4217354508580835,
  "glrlm_sre_weight": 0.2,
  "glszm_small_area_emphasis": 0.42381494470174846,
  "hemoglobin_od_std": 0.09801027387072687,
  "jpeg_blockiness": 1.8732754707336425,
  "lacunarity": 2.1802511718472912,
  "lbp_r1_hist_entropy": 3.2095856745065774,
  "lbp_r1_hist_entropy_weight": 0.2,
  "melanin_hemo_slope": -0.2682040271061084,
  "ngtdm_coarseness": 0.20874999898067684,
  "ngtdm_coarseness_weight": 0.2,
  "noise_level": 1.2793490886688232,
  "overall_quality": 0.4787231277193341,
  "pore_density_r2_mpx": 23461.99462182506,
  "pore_eccentricity_mean": 0.8428776784287759,
  "pore_eccentricity_mean_weight": 0.2,
  "q_jpeg_blockiness": 1.8732754707336425,
  "q_laplacian_var": 135.49212646484375,
  "q_noise_sigma": 1.2793490886688232,
  "q_tenengrad": 36.56752395629883,
  "seam_score": 0.0017575408213141275,
  "shannon_entropy_q32": 4.886717888984297,
  "shannon_entropy_q32_weight": 0.2,
  "sharpness_score": 135.49212646484375,
  "spectral_slope_beta": 3.231924742244636,
  "specular_dispersion": 0.0,
  "specular_elongation": 3.02452851411925,
  "specular_elongation_weight": 0.2,
  "specular_sharpness": 0.0,
  "sss_index": 0.17277891156906242,
  "texture_noise_sigma": 1.2793490886688232,
  "texture_unreliable": 0.0,
  "tv_residual_sparsity": 0.7769203782081604,
  "wld_joint_entropy": 6.373770313763895
}