{
  "autocorr_decay_len": 22.0,
  "bimodality_ashman_D": 2.4501547464467004,
  "dwt_haar_HH_LL_ratio": 0.0,
  "dwt_haar_HH_LL_ratio_weight": 0.2,
  "edge_tortuosity_mean": 1.0229537975279666,
  "fft_high_low_ratio": 0.047715684766157555,
  "gabor_f08_anisotropy": 1.3257700681015838,
  "gabor_f08_anisotropy_weight": 0.2,
  "glcm_diss_d3_aniso": 0.03183084615369751,
  "glrlm_sre": 0.34367846829622,
  "glrlm_sre_weight": 0.2,
  "glszm_small_area_emphasis": 0.37496258762299467,
  "hemoglobin_od_std": 0.07181023822957439,
  "jpeg_blockiness": 1.759652853012085,
  "lacunarity": 1.7611837827788612,
  "lbp_r1_hist_entropy": 3.1080487055901345,
  "lbp_r1_hist_entropy_weight": 0.2,
  "melanin_hemo_slope": -0.013907051032287532,
  "ngtdm_coarseness": 0.35737059669021876,
  "ngtdm_coarseness_weight": 0.2,
  "noise_level": 0.7613962292671204,
  "overall_quality": 0.3503800156797682,
  "pore_density_r2_mpx": 23662.203316092233,
  "pore_eccentricity_mean": 0.812363822965091,
  "pore_eccentricity_mean_weight": 0.2,
  "q_jpeg_blockiness": 1.759652853012085,
  "q_laplacian_var": 40.647335052490234,
  "q_noise_sigma": 0.7613962292671204,
  "q_tenengrad": 24.695201873779297,
  "seam_score": 0.036248696787124904,
  "shannon_entropy_q32": 4.741414764888057,
  "shannon_entropy_q32_weight": 0.2,
  "sharpness_score": 40.647335052490234,
  "spectral_slope_beta": 3.5973795209896484,
  "specular_dispersion": 0.0,
  "specular_elongation": 1.0,
  "specular_elongation_weight": 0.2,
  "specular_sharpness": 0.0,
  "sss_index": 0.21266614477185547,
  "texture_noise_sigma": 0.7613962292671204,
  "texture_unreliable": 0.0,
  "tv_residual_sparsity": 0.7616053223609924,
  "wld_joint_entropy": 6.215222986861866
}