{
  "autocorr_decay_len": 12.0,
  "bimodality_ashman_D": 2.9158863805653863,
  "dwt_haar_HH_LL_ratio": 0.0010410890772332125,
  "edge_tortuosity_mean": 1.0092713758025371,
  "fft_high_low_ratio": 0.15263764479668737,
  "gabor_f08_anisotropy": 5.435885085984511,
  "glcm_diss_d3_aniso": 0.04612047908692725,
  "glrlm_sre": 0.5328273455708414,
  "glszm_small_area_emphasis": 0.522662823661128,
  "hemoglobin_od_std": 0.06852660125801441,
  "jpeg_blockiness": 1.8980905532836914,
  "lacunarity": 1.7434839126746215,
  "lbp_r1_hist_entropy": 3.284073294806933,
  "melanin_hemo_slope": -1.1621681045992784,
  "ngtdm_coarseness": 0.16103811460447534,
  "noise_level": 1.911080241203308,
  "overall_quality": 0.5583660224233354,
  "pore_density_r2_mpx": 41428.9016778401,
  "pore_eccentricity_mean": 0.8352371295125082,
  "q_jpeg_blockiness": 1.8980905532836914,
  "q_laplacian_var": 196.24765014648438,
  "q_noise_sigma": 1.911080241203308,
  "q_tenengrad": 31.914823532104492,
  "seam_score": 0.019863908327235714,
  "shannon_entropy_q32": 4.890178953741391,
  "sharpness_score": 196.24765014648438,
  "spectral_slope_beta": 2.378084809877271,
  "specular_dispersion": 0.0,
  "specular_elongation": 1.0,
  "specular_sharpness": 0.0,
  "sss_index": -0.001939727890277057,
  "texture_noise_sigma": 1.911080241203308,
  "texture_unreliable": 0.0,
  "tv_residual_sparsity": 0.8226078748703003,
  "wld_joint_entropy": 6.695184610945675
}