{
  "autocorr_decay_len": 19.0,
  "bimodality_ashman_D": 2.577354061871363,
  "dwt_haar_HH_LL_ratio": 0.0,
  "edge_tortuosity_mean": 1.0215042904003826,
  "fft_high_low_ratio": 0.23883721921240428,
  "gabor_f08_anisotropy": 4.122470610397198,
  "glcm_diss_d3_aniso": 0.06774569695446057,
  "glrlm_sre": 0.5862823001514147,
  "glszm_small_area_emphasis": 0.5410949688568486,
  "hemoglobin_od_std": 0.059909348727004944,
  "jpeg_blockiness": 1.538890552520752,
  "lacunarity": 2.3897402499123928,
  "lbp_r1_hist_entropy": 3.2496517194487513,
  "melanin_hemo_slope": 1.2876030314856752,
  "ngtdm_coarseness": 0.15293223610169712,
  "noise_level": 1.659226417541504,
  "overall_quality": 0.5766857375008719,
  "pore_density_r2_mpx": 28101.66623754,
  "pore_eccentricity_mean": 0.8812560572098599,
  "q_jpeg_blockiness": 1.538890552520752,
  "q_laplacian_var": 207.79119873046875,
  "q_noise_sigma": 1.659226417541504,
  "q_tenengrad": 23.982728958129883,
  "seam_score": 0.012740353259895821,
  "shannon_entropy_q32": 4.8773658159158195,
  "sharpness_score": 207.79119873046875,
  "spectral_slope_beta": 1.6296718965093575,
  "specular_dispersion": 0.0,
  "specular_elongation": 1.0,
  "specular_sharpness": 0.0,
  "sss_index": 0.23013399185703845,
  "texture_noise_sigma": 1.659226417541504,
  "texture_unreliable": 0.0,
  "tv_residual_sparsity": 0.833677351474762,
  "wld_joint_entropy": 6.206643558771754
}