{
  "autocorr_decay_len": 27.0,
  "bimodality_ashman_D": 3.2075293597150565,
  "dwt_haar_HH_LL_ratio": 0.0,
  "dwt_haar_HH_LL_ratio_weight": 0.2,
  "edge_tortuosity_mean": 1.0329045817565778,
  "fft_high_low_ratio": 0.03528710028756424,
  "gabor_f08_anisotropy": 3.4751400659432052,
  "gabor_f08_anisotropy_weight": 0.2,
  "glcm_diss_d3_aniso": 0.025428757222019246,
  "glrlm_sre": 0.4320426678202502,
  "glrlm_sre_weight": 0.2,
  "glszm_small_area_emphasis": 0.4446333487476606,
  "hemoglobin_od_std": 0.08981896769476322,
  "jpeg_blockiness": 1.6895698070526124,
  "lacunarity": 1.8952994452226135,
  "lbp_r1_hist_entropy": 3.2649831575579227,
  "lbp_r1_hist_entropy_weight": 0.2,
  "melanin_hemo_slope": -0.3822183926589666,
  "ngtdm_coarseness": 0.2126540348587009,
  "ngtdm_coarseness_weight": 0.2,
  "noise_level": 1.224853754043579,
  "overall_quality": 0.44317401507241383,
  "pore_density_r2_mpx": 28768.616925676077,
  "pore_eccentricity_mean": 0.8118085097768758,
  "pore_eccentricity_mean_weight": 0.2,
  "q_jpeg_blockiness": 1.6895698070526124,
  "q_laplacian_var": 109.7662582397461,
  "q_noise_sigma": 1.224853754043579,
  "q_tenengrad": 29.65731430053711,
  "seam_score": 0.016677603800763326,
  "shannon_entropy_q32": 4.960926103548084,
  "shannon_entropy_q32_weight": 0.2,
  "sharpness_score": 109.7662582397461,
  "spectral_slope_beta": 2.6682143828369966,
  "specular_dispersion": 0.0,
  "specular_elongation": 1.0,
  "specular_elongation_weight": 0.2,
  "specular_sharpness": 0.0,
  "sss_index": 0.1754904424050679,
  "texture_noise_sigma": 1.224853754043579,
  "texture_unreliable": 0.0,
  "tv_residual_sparsity": 0.7949542999267578,
  "wld_joint_entropy": 6.399710122938406
}