{
  "autocorr_decay_len": 27.0,
  "bimodality_ashman_D": 2.9496974155896156,
  "dwt_haar_HH_LL_ratio": 0.0,
  "dwt_haar_HH_LL_ratio_weight": 0.2,
  "edge_tortuosity_mean": 0.9918329284082724,
  "fft_high_low_ratio": 0.08088763953900044,
  "gabor_f08_anisotropy": 4.334199794720051,
  "gabor_f08_anisotropy_weight": 0.2,
  "glcm_diss_d3_aniso": 0.13475867875941216,
  "glrlm_sre": 0.34131786072964787,
  "glrlm_sre_weight": 0.2,
  "glszm_small_area_emphasis": 0.40445141232561516,
  "hemoglobin_od_std": 0.062209598016976,
  "jpeg_blockiness": 1.7700490474700927,
  "lacunarity": 1.815179134809461,
  "lbp_r1_hist_entropy": 3.1772863831144544,
  "lbp_r1_hist_entropy_weight": 0.2,
  "melanin_hemo_slope": -1.0207163258516547,
  "ngtdm_coarseness": 0.3173878376854867,
  "ngtdm_coarseness_weight": 0.2,
  "noise_level": 1.0416462421417236,
  "overall_quality": 0.36408077264513283,
  "pore_density_r2_mpx": 27282.524658529157,
  "pore_eccentricity_mean": 0.8226677260833645,
  "pore_eccentricity_mean_weight": 0.2,
  "q_jpeg_blockiness": 1.7700490474700927,
  "q_laplacian_var": 52.14940643310547,
  "q_noise_sigma": 1.0416462421417236,
  "q_tenengrad": 23.83574676513672,
  "seam_score": 0.09987927160661789,
  "shannon_entropy_q32": 4.749663365703,
  "shannon_entropy_q32_weight": 0.2,
  "sharpness_score": 52.14940643310547,
  "spectral_slope_beta": 2.8584877924314807,
  "specular_dispersion": 0.0,
  "specular_elongation": 1.0,
  "specular_elongation_weight": 0.2,
  "specular_sharpness": 0.0,
  "sss_index": -0.02095597482187414,
  "texture_noise_sigma": 1.0416462421417236,
  "texture_unreliable": 0.0,
  "tv_residual_sparsity": 0.7779097557067871,
  "wld_joint_entropy": 5.9289689298724255
}