{
  "bone_asymmetry_x": 0.3412414491176605,
  "bone_asymmetry_x_p95": 0.8049003481864929,
  "bone_chin_projection": 0.43070295453071594,
  "bone_gonial_angle": 80.59683227539062,
  "bone_nasion_depth": 5.851194858551025,
  "bone_orbit_L_depth": 5.977128982543945,
  "bone_orbit_R_depth": 5.968634128570557,
  "bone_zygomatic_width": 1.0,
  "face_scale": 1.4159512519836426,
  "mesh_bbox_depth": 1.0622520446777344,
  "mesh_bbox_height": 1.4808349609375,
  "mesh_bbox_volume": 2.2273194789886475,
  "mesh_bbox_width": 1.4159512519836426,
  "mesh_symmetry_x": 0.0046264659613370895,
  "mesh_vertex_count": 35709.0,
  "pose_pitch": 0.0,
  "pose_roll": 0.0,
  "pose_yaw": 0.0,
  "zone_left_eye_bbox_volume_ratio": 0.0004140814417041838,
  "zone_left_eye_centroid_x": 0.17925243079662323,
  "zone_left_eye_centroid_y": 0.16602317988872528,
  "zone_left_eye_centroid_z": 5.977128505706787,
  "zone_left_eye_convexity_index": 0.2987939417362213,
  "zone_left_eye_depth_std_ratio": 0.009477989748120308,
  "zone_left_eye_normal_mean_x": 0.10254757851362228,
  "zone_left_eye_normal_mean_y": -0.27535539865493774,
  "zone_left_eye_normal_mean_z": -0.9558573961257935,
  "zone_left_eye_normal_variance": 0.006720495875924826,
  "zone_left_eye_plane_residual_p95_ratio": 0.014761700294911861,
  "zone_left_eye_plane_residual_std_ratio": 0.004708237014710903,
  "zone_left_eye_span_x": 0.15609879791736603,
  "zone_left_eye_span_y": 0.05706970766186714,
  "zone_left_eye_span_z": 0.036468520760536194,
  "zone_left_eyebrow_bbox_volume_ratio": 0.003462821012362838,
  "zone_left_eyebrow_centroid_x": 0.2301870733499527,
  "zone_left_eyebrow_centroid_y": 0.2361408919095993,
  "zone_left_eyebrow_centroid_z": 5.94411039352417,
  "zone_left_eyebrow_convexity_index": 0.17250508069992065,
  "zone_left_eyebrow_depth_std_ratio": 0.035918064415454865,
  "zone_left_eyebrow_normal_mean_x": -0.21426358819007874,
  "zone_left_eyebrow_normal_mean_y": 0.7365853786468506,
  "zone_left_eyebrow_normal_mean_z": 0.6415084600448608,
  "zone_left_eyebrow_normal_variance": 0.009531301446259022,
  "zone_left_eyebrow_plane_residual_p95_ratio": 0.020971842110157013,
  "zone_left_eyebrow_plane_residual_std_ratio": 0.0062047201208770275,
  "zone_left_eyebrow_span_x": 0.29591187834739685,
  "zone_left_eyebrow_span_y": 0.06801654398441315,
  "zone_left_eyebrow_span_z": 0.13498660922050476,
  "zone_lower_lip_bbox_volume_ratio": 0.0018714877078309655,
  "zone_lower_lip_centroid_x": 0.009763075970113277,
  "zone_lower_lip_centroid_y": -0.24970053136348724,
  "zone_lower_lip_centroid_z": 5.953611850738525,
  "zone_lower_lip_convexity_index": 0.3742672801017761,
  "zone_lower_lip_depth_std_ratio": 0.03598256781697273,
  "zone_lower_lip_normal_mean_x": 0.0012404915178194642,
  "zone_lower_lip_normal_mean_y": -0.9994840621948242,
  "zone_lower_lip_normal_mean_z": -0.03209490701556206,
  "zone_lower_lip_normal_variance": 0.006212183274328709,
  "zone_lower_lip_plane_residual_p95_ratio": 0.015614140778779984,
  "zone_lower_lip_plane_residual_std_ratio": 0.00476179551333189,
  "zone_lower_lip_span_x": 0.3562011122703552,
  "zone_lower_lip_span_y": 0.037474699318408966,
  "zone_lower_lip_span_z": 0.10999961197376251,
  "zone_nose_bbox_volume_ratio": 0.015224666334688663,
  "zone_nose_centroid_x": 0.012136007659137249,
  "zone_nose_centroid_y": 0.010622971691191196,
  "zone_nose_centroid_z": 5.851190567016602,
  "zone_nose_convexity_index": 0.34118181467056274,
  "zone_nose_depth_std_ratio": 0.0445263497531414,
  "zone_nose_normal_mean_x": 0.13414576649665833,
  "zone_nose_normal_mean_y": 0.3469095528125763,
  "zone_nose_normal_mean_z": -0.9282557368278503,
  "zone_nose_normal_variance": 0.030347425490617752,
  "zone_nose_plane_residual_p95_ratio": 0.06960092484951019,
  "zone_nose_plane_residual_std_ratio": 0.020427105948328972,
  "zone_nose_span_x": 0.21285749971866608,
  "zone_nose_span_y": 0.26515501737594604,
  "zone_nose_span_z": 0.21163946390151978,
  "zone_right_eye_bbox_volume_ratio": 0.0005229649250395596,
  "zone_right_eye_centroid_x": -0.16252969205379486,
  "zone_right_eye_centroid_y": 0.16470974683761597,
  "zone_right_eye_centroid_z": 5.968635559082031,
  "zone_right_eye_convexity_index": 0.296203076839447,
  "zone_right_eye_depth_std_ratio": 0.010885115712881088,
  "zone_right_eye_normal_mean_x": -0.09397312998771667,
  "zone_right_eye_normal_mean_y": -0.38813838362693787,
  "zone_right_eye_normal_mean_z": -0.9167975187301636,
  "zone_right_eye_normal_variance": 0.007463738787919283,
  "zone_right_eye_plane_residual_p95_ratio": 0.016188954934477806,
  "zone_right_eye_plane_residual_std_ratio": 0.0051224203780293465,
  "zone_right_eye_span_x": 0.15545544028282166,
  "zone_right_eye_span_y": 0.05971313267946243,
  "zone_right_eye_span_z": 0.04420122876763344,
  "zone_right_eyebrow_bbox_volume_ratio": 0.004040017258375883,
  "zone_right_eyebrow_centroid_x": -0.2147400975227356,
  "zone_right_eyebrow_centroid_y": 0.23231123387813568,
  "zone_right_eyebrow_centroid_z": 5.941853046417236,
  "zone_right_eyebrow_convexity_index": 0.13156813383102417,
  "zone_right_eyebrow_depth_std_ratio": 0.03530442342162132,
  "zone_right_eyebrow_normal_mean_x": -0.1640842854976654,
  "zone_right_eyebrow_normal_mean_y": -0.7120144963264465,
  "zone_right_eyebrow_normal_mean_z": -0.6827238202095032,
  "zone_right_eyebrow_normal_variance": 0.008475891314446926,
  "zone_right_eyebrow_plane_residual_p95_ratio": 0.01845894195139408,
  "zone_right_eyebrow_plane_residual_std_ratio": 0.005639317911118269,
  "zone_right_eyebrow_span_x": 0.29784560203552246,
  "zone_right_eyebrow_span_y": 0.08516687899827957,
  "zone_right_eyebrow_span_z": 0.12495651841163635,
  "zone_skin_bbox_volume_ratio": 0.8568867444992065,
  "zone_skin_centroid_x": 0.00403195433318615,
  "zone_skin_centroid_y": -0.022316766902804375,
  "zone_skin_centroid_z": 6.117352485656738,
  "zone_skin_convexity_index": 0.4863519072532654,
  "zone_skin_depth_std_ratio": 0.15201282501220703,
  "zone_skin_normal_mean_x": -0.02053089439868927,
  "zone_skin_normal_mean_y": 0.2715843915939331,
  "zone_skin_normal_mean_z": 0.962195634841919,
  "zone_skin_normal_variance": 0.11726792901754379,
  "zone_skin_plane_residual_p95_ratio": 0.27322083711624146,
  "zone_skin_plane_residual_std_ratio": 0.08097606897354126,
  "zone_skin_span_x": 1.0,
  "zone_skin_span_y": 1.0458234548568726,
  "zone_skin_span_z": 0.6428397297859192,
  "zone_upper_lip_bbox_volume_ratio": 0.0024848293978720903,
  "zone_upper_lip_centroid_x": 0.007544242776930332,
  "zone_upper_lip_centroid_y": -0.23522567749023438,
  "zone_upper_lip_centroid_z": 5.932676792144775,
  "zone_upper_lip_convexity_index": 0.23065291345119476,
  "zone_upper_lip_depth_std_ratio": 0.03244676813483238,
  "zone_upper_lip_normal_mean_x": -0.004615809768438339,
  "zone_upper_lip_normal_mean_y": -0.9822559356689453,
  "zone_upper_lip_normal_mean_z": -0.18748857080936432,
  "zone_upper_lip_normal_variance": 0.004611434880644083,
  "zone_upper_lip_plane_residual_p95_ratio": 0.01037304662168026,
  "zone_upper_lip_plane_residual_std_ratio": 0.0032259582076221704,
  "zone_upper_lip_span_x": 0.34696781635284424,
  "zone_upper_lip_span_y": 0.042551539838314056,
  "zone_upper_lip_span_z": 0.1320473551750183
}