{
  "autocorr_decay_len": 31.0,
  "bimodality_ashman_D": 3.0615113033881025,
  "dwt_haar_HH_LL_ratio": 0.00028063228070464053,
  "dwt_haar_HH_LL_ratio_weight": 0.2,
  "edge_tortuosity_mean": 0.9742828859291597,
  "fft_high_low_ratio": 0.009727892192677189,
  "gabor_f08_anisotropy": 2.137300249630377,
  "gabor_f08_anisotropy_weight": 0.2,
  "glcm_diss_d3_aniso": 0.1145856691491571,
  "glrlm_sre": 0.249322099100027,
  "glrlm_sre_weight": 0.2,
  "glszm_small_area_emphasis": 0.3502892212451405,
  "hemoglobin_od_std": 0.07274298200763255,
  "jpeg_blockiness": 1.8298565864562988,
  "lacunarity": 1.9525317311156325,
  "lbp_r1_hist_entropy": 3.033330819480856,
  "lbp_r1_hist_entropy_weight": 0.2,
  "melanin_hemo_slope": 0.40523717301738404,
  "ngtdm_coarseness": 0.5501162474884979,
  "ngtdm_coarseness_weight": 0.2,
  "noise_level": 0.6202028393745422,
  "overall_quality": 0.32419862715176173,
  "pore_density_r2_mpx": 19749.23183665378,
  "pore_eccentricity_mean": 0.8027582813865363,
  "pore_eccentricity_mean_weight": 0.2,
  "q_jpeg_blockiness": 1.8298565864562988,
  "q_laplacian_var": 21.081893920898438,
  "q_noise_sigma": 0.6202028393745422,
  "q_tenengrad": 21.2603702545166,
  "seam_score": 0.07865537487086748,
  "shannon_entropy_q32": 4.839418300267345,
  "shannon_entropy_q32_weight": 0.2,
  "sharpness_score": 21.081893920898438,
  "spectral_slope_beta": 3.7113999889051184,
  "specular_dispersion": 0.0,
  "specular_elongation": 1.0,
  "specular_elongation_weight": 0.2,
  "specular_sharpness": 0.0,
  "sss_index": -0.027035311921554103,
  "texture_noise_sigma": 0.6202028393745422,
  "texture_unreliable": 1.0,
  "tv_residual_sparsity": 0.7414284944534302,
  "wld_joint_entropy": 5.877040992133465
}