{
  "autocorr_decay_len": 25.0,
  "bimodality_ashman_D": 2.9440155255144673,
  "dwt_haar_HH_LL_ratio": 0.0,
  "edge_tortuosity_mean": 1.0260192858620265,
  "fft_high_low_ratio": 0.07820690107966452,
  "gabor_f08_anisotropy": 0.6556869684124973,
  "glcm_diss_d3_aniso": 0.039692140621458656,
  "glrlm_sre": 0.45226378052114397,
  "glszm_small_area_emphasis": 0.45415131154261856,
  "hemoglobin_od_std": 0.09674385884142413,
  "jpeg_blockiness": 1.7900414943695069,
  "lacunarity": 2.020545584895321,
  "lbp_r1_hist_entropy": 3.268229029541027,
  "melanin_hemo_slope": 0.855201112660491,
  "ngtdm_coarseness": 0.18564274158618885,
  "noise_level": 1.4526886940002441,
  "overall_quality": 0.5138387848445347,
  "pore_density_r2_mpx": 27698.68595051168,
  "pore_eccentricity_mean": 0.8380500768763792,
  "q_jpeg_blockiness": 1.7900414943695069,
  "q_laplacian_var": 161.63600158691406,
  "q_noise_sigma": 1.4526886940002441,
  "q_tenengrad": 35.292930603027344,
  "seam_score": 0.02384959607972131,
  "shannon_entropy_q32": 4.804485244510081,
  "sharpness_score": 161.63600158691406,
  "spectral_slope_beta": 2.590448063570367,
  "specular_dispersion": 0.0,
  "specular_elongation": 2.175042398159386,
  "specular_sharpness": 0.0,
  "sss_index": 0.21183569900741273,
  "texture_noise_sigma": 0.0,
  "texture_unreliable": 0.0,
  "tv_residual_sparsity": 0.7972624897956848,
  "wld_joint_entropy": 6.376426186452866
}