{
  "autocorr_decay_len": 14.0,
  "bimodality_ashman_D": 2.9768671500832924,
  "dwt_haar_HH_LL_ratio": 0.0,
  "dwt_haar_HH_LL_ratio_weight": 0.2,
  "edge_tortuosity_mean": 1.0144788356409284,
  "fft_high_low_ratio": 0.08442772987267874,
  "gabor_f08_anisotropy": 5.2390599967524825,
  "gabor_f08_anisotropy_weight": 0.2,
  "glcm_diss_d3_aniso": 0.04706334590838838,
  "glrlm_sre": 0.3158176562627447,
  "glrlm_sre_weight": 0.2,
  "glszm_small_area_emphasis": 0.3428878256961585,
  "hemoglobin_od_std": 0.12109258106607798,
  "jpeg_blockiness": 1.8469244956970214,
  "lacunarity": 1.7043183909190787,
  "lbp_r1_hist_entropy": 3.038793784492051,
  "lbp_r1_hist_entropy_weight": 0.2,
  "melanin_hemo_slope": -0.588837600519619,
  "ngtdm_coarseness": 0.3585084402305973,
  "ngtdm_coarseness_weight": 0.2,
  "noise_level": 0.7855849266052246,
  "overall_quality": 0.3446948443276542,
  "pore_density_r2_mpx": 23195.780328886132,
  "pore_eccentricity_mean": 0.789721318120166,
  "pore_eccentricity_mean_weight": 0.2,
  "q_jpeg_blockiness": 1.8469244956970214,
  "q_laplacian_var": 36.73459243774414,
  "q_noise_sigma": 0.7855849266052246,
  "q_tenengrad": 28.258502960205078,
  "seam_score": 0.005969513857308064,
  "shannon_entropy_q32": 4.925108705731098,
  "shannon_entropy_q32_weight": 0.2,
  "sharpness_score": 36.73459243774414,
  "spectral_slope_beta": 3.5035194440696564,
  "specular_dispersion": 0.0,
  "specular_elongation": 1.3988308090481019,
  "specular_elongation_weight": 0.2,
  "specular_sharpness": 0.0,
  "sss_index": -0.3089339841831777,
  "texture_noise_sigma": 0.7855849266052246,
  "texture_unreliable": 0.0,
  "tv_residual_sparsity": 0.7527306079864502,
  "wld_joint_entropy": 6.274603570225335
}