{
  "bone_asymmetry_x": 0.7421938180923462,
  "bone_asymmetry_x_p95": 1.2940760850906372,
  "bone_chin_projection": 0.7103650569915771,
  "bone_gonial_angle": 81.3749008178711,
  "bone_nasion_depth": 6.447124481201172,
  "bone_orbit_L_depth": 6.381995677947998,
  "bone_orbit_R_depth": 6.6480302810668945,
  "bone_zygomatic_width": 0.9999457597732544,
  "face_scale": 1.2775352001190186,
  "mesh_bbox_depth": 1.292623519897461,
  "mesh_bbox_height": 1.4808111190795898,
  "mesh_bbox_volume": 2.4453701972961426,
  "mesh_bbox_width": 1.2775352001190186,
  "mesh_symmetry_x": 0.037587396800518036,
  "mesh_vertex_count": 35709.0,
  "pose_pitch": 0.0,
  "pose_roll": 0.0,
  "pose_yaw": 0.0,
  "zone_left_eye_bbox_volume_ratio": 0.0012907495256513357,
  "zone_left_eye_centroid_x": 0.059204280376434326,
  "zone_left_eye_centroid_y": 0.16330164670944214,
  "zone_left_eye_centroid_z": 6.381996154785156,
  "zone_left_eye_convexity_index": 0.1553465574979782,
  "zone_left_eye_depth_std_ratio": 0.03078824281692505,
  "zone_left_eye_normal_mean_x": -0.45519107580184937,
  "zone_left_eye_normal_mean_y": -0.4968668222427368,
  "zone_left_eye_normal_mean_z": -0.7388669848442078,
  "zone_left_eye_normal_variance": 0.00816577672958374,
  "zone_left_eye_plane_residual_p95_ratio": 0.01867213472723961,
  "zone_left_eye_plane_residual_std_ratio": 0.0056262752041220665,
  "zone_left_eye_span_x": 0.15189720690250397,
  "zone_left_eye_span_y": 0.08618934452533722,
  "zone_left_eye_span_z": 0.1156284287571907,
  "zone_left_eyebrow_bbox_volume_ratio": 0.004018484614789486,
  "zone_left_eyebrow_centroid_x": 0.07475360482931137,
  "zone_left_eyebrow_centroid_y": 0.242128387093544,
  "zone_left_eyebrow_centroid_z": 6.297624588012695,
  "zone_left_eyebrow_convexity_index": 0.15543200075626373,
  "zone_left_eyebrow_depth_std_ratio": 0.043163131922483444,
  "zone_left_eyebrow_normal_mean_x": 0.11663422733545303,
  "zone_left_eyebrow_normal_mean_y": 0.8334258198738098,
  "zone_left_eyebrow_normal_mean_z": 0.5401831865310669,
  "zone_left_eyebrow_normal_variance": 0.010597340762615204,
  "zone_left_eyebrow_plane_residual_p95_ratio": 0.023343926295638084,
  "zone_left_eyebrow_plane_residual_std_ratio": 0.00707894517108798,
  "zone_left_eyebrow_span_x": 0.3608354926109314,
  "zone_left_eyebrow_span_y": 0.08744241297245026,
  "zone_left_eyebrow_span_z": 0.1493677794933319,
  "zone_lower_lip_bbox_volume_ratio": 0.0033779439982026815,
  "zone_lower_lip_centroid_x": -0.05972445383667946,
  "zone_lower_lip_centroid_y": -0.3152965307235718,
  "zone_lower_lip_centroid_z": 6.553521633148193,
  "zone_lower_lip_convexity_index": 0.19662462174892426,
  "zone_lower_lip_depth_std_ratio": 0.0792616754770279,
  "zone_lower_lip_normal_mean_x": -0.18188971281051636,
  "zone_lower_lip_normal_mean_y": 0.9627372622489929,
  "zone_lower_lip_normal_mean_z": -0.20013293623924255,
  "zone_lower_lip_normal_variance": 0.008826539851725101,
  "zone_lower_lip_plane_residual_p95_ratio": 0.020804254338145256,
  "zone_lower_lip_plane_residual_std_ratio": 0.006590569857507944,
  "zone_lower_lip_span_x": 0.2685267925262451,
  "zone_lower_lip_span_y": 0.06117136776447296,
  "zone_lower_lip_span_z": 0.24118076264858246,
  "zone_nose_bbox_volume_ratio": 0.013162185437977314,
  "zone_nose_centroid_x": -0.13057535886764526,
  "zone_nose_centroid_y": -0.037941351532936096,
  "zone_nose_centroid_z": 6.447124481201172,
  "zone_nose_convexity_index": 0.3312830328941345,
  "zone_nose_depth_std_ratio": 0.0470067523419857,
  "zone_nose_normal_mean_x": -0.6005188822746277,
  "zone_nose_normal_mean_y": 0.07277704775333405,
  "zone_nose_normal_mean_z": -0.7962917685508728,
  "zone_nose_normal_variance": 0.032226547598838806,
  "zone_nose_plane_residual_p95_ratio": 0.07238006591796875,
  "zone_nose_plane_residual_std_ratio": 0.020882567390799522,
  "zone_nose_span_x": 0.2253061830997467,
  "zone_nose_span_y": 0.3096342980861664,
  "zone_nose_span_z": 0.2212747186422348,
  "zone_right_eye_bbox_volume_ratio": 0.0011488650925457478,
  "zone_right_eye_centroid_x": -0.22433947026729584,
  "zone_right_eye_centroid_y": 0.1821867823600769,
  "zone_right_eye_centroid_z": 6.64802885055542,
  "zone_right_eye_convexity_index": 0.1603747457265854,
  "zone_right_eye_depth_std_ratio": 0.03659632056951523,
  "zone_right_eye_normal_mean_x": 0.6860544681549072,
  "zone_right_eye_normal_mean_y": 0.5676762461662292,
  "zone_right_eye_normal_mean_z": 0.4550526738166809,
  "zone_right_eye_normal_variance": 0.009801158681511879,
  "zone_right_eye_plane_residual_p95_ratio": 0.020511232316493988,
  "zone_right_eye_plane_residual_std_ratio": 0.00622400501742959,
  "zone_right_eye_span_x": 0.11560948193073273,
  "zone_right_eye_span_y": 0.08758018165826797,
  "zone_right_eye_span_z": 0.1330747753381729,
  "zone_right_eyebrow_bbox_volume_ratio": 0.004162664990872145,
  "zone_right_eyebrow_centroid_x": -0.2918859124183655,
  "zone_right_eyebrow_centroid_y": 0.2655554413795471,
  "zone_right_eyebrow_centroid_z": 6.649284362792969,
  "zone_right_eyebrow_convexity_index": 0.12518075108528137,
  "zone_right_eyebrow_depth_std_ratio": 0.09355948865413666,
  "zone_right_eyebrow_normal_mean_x": -0.6791776418685913,
  "zone_right_eyebrow_normal_mean_y": -0.7135996222496033,
  "zone_right_eyebrow_normal_mean_z": -0.17173607647418976,
  "zone_right_eyebrow_normal_variance": 0.009903541766107082,
  "zone_right_eyebrow_plane_residual_p95_ratio": 0.022563014179468155,
  "zone_right_eyebrow_plane_residual_std_ratio": 0.006696177180856466,
  "zone_right_eyebrow_span_x": 0.14785981178283691,
  "zone_right_eyebrow_span_y": 0.10239306092262268,
  "zone_right_eyebrow_span_z": 0.32246068120002747,
  "zone_skin_bbox_volume_ratio": 0.9970449209213257,
  "zone_skin_centroid_x": 0.05426007881760597,
  "zone_skin_centroid_y": 0.006097706966102123,
  "zone_skin_centroid_z": 6.662247180938721,
  "zone_skin_convexity_index": 0.38039782643318176,
  "zone_skin_depth_std_ratio": 0.27593255043029785,
  "zone_skin_normal_mean_x": 0.655637264251709,
  "zone_skin_normal_mean_y": 0.3480111062526703,
  "zone_skin_normal_mean_z": 0.670095682144165,
  "zone_skin_normal_variance": 0.13855375349521637,
  "zone_skin_plane_residual_p95_ratio": 0.30950915813446045,
  "zone_skin_plane_residual_std_ratio": 0.09088407456874847,
  "zone_skin_span_x": 0.9999457597732544,
  "zone_skin_span_y": 1.1591156721115112,
  "zone_skin_span_z": 1.0088752508163452,
  "zone_upper_lip_bbox_volume_ratio": 0.0020134770311415195,
  "zone_upper_lip_centroid_x": -0.06625967472791672,
  "zone_upper_lip_centroid_y": -0.30213090777397156,
  "zone_upper_lip_centroid_z": 6.540184497833252,
  "zone_upper_lip_convexity_index": 0.2236214429140091,
  "zone_upper_lip_depth_std_ratio": 0.06583088636398315,
  "zone_upper_lip_normal_mean_x": -0.0383148193359375,
  "zone_upper_lip_normal_mean_y": -0.9984002709388733,
  "zone_upper_lip_normal_mean_z": -0.04158005490899086,
  "zone_upper_lip_normal_variance": 0.00639504287391901,
  "zone_upper_lip_plane_residual_p95_ratio": 0.013994148932397366,
  "zone_upper_lip_plane_residual_std_ratio": 0.004156897310167551,
  "zone_upper_lip_span_x": 0.2624078691005707,
  "zone_upper_lip_span_y": 0.035639747977256775,
  "zone_upper_lip_span_z": 0.25249987840652466
}