{
  "weights": {
    "glcm_homogeneity": 0.625326366363383,
    "lbp_r2_std": 0,
    "fft_hf_ratio": 0.8433503106106723,
    "grad_mean": 0,
    "local_var_cv15": 0.17193994426749915,
    "albedo_a_std": 0,
    "gray_std": 0
  },
  "use_corrected": false,
  "directions": {
    "glcm_homogeneity": 1.0,
    "glcm_dissimilarity": -1.0,
    "lbp_r2_std": -1.0,
    "lbp_r1_std": -1.0,
    "fft_hf_ratio": -1.0,
    "grad_mean": -1.0,
    "tophat_r4_std": -1.0,
    "tophat_r2_std": -1.0,
    "local_var_cv15": -1.0,
    "albedo_a_std": -1.0,
    "albedo_viability": -1.0,
    "gray_std": 1.0
  },
  "stats": {
    "glcm_homogeneity_raw": [
      0.4834708104274623,
      0.050643023381353645
    ],
    "glcm_homogeneity_corr": [
      -2.0590105584247163e-16,
      0.03744503567998482
    ],
    "glcm_dissimilarity_raw": [
      2.1695017793841447,
      0.3644994053782992
    ],
    "glcm_dissimilarity_corr": [
      -1.0241240961848383e-15,
      0.2326646262791327
    ],
    "lbp_r2_std_raw": [
      3.0344274205387536,
      0.21363432748613756
    ],
    "lbp_r2_std_corr": [
      -1.8737845742142947e-15,
      0.1275741100587346
    ],
    "lbp_r1_std_raw": [
      2.704650036682754,
      0.2968589884062865
    ],
    "lbp_r1_std_corr": [
      -2.8208727870577957e-16,
      0.16485760960887866
    ],
    "fft_hf_ratio_raw": [
      4.065497835071719,
      1.2507452175130167
    ],
    "fft_hf_ratio_corr": [
      -1.2552317462088504e-15,
      0.8815223785208963
    ],
    "grad_mean_raw": [
      64.12998717131892,
      11.75295970759322
    ],
    "grad_mean_corr": [
      -2.9763040105053174e-14,
      7.365434702539581
    ],
    "tophat_r4_std_raw": [
      11.296711090367998,
      2.642646383095011
    ],
    "tophat_r4_std_corr": [
      -4.9121704436476315e-15,
      1.4524092449647996
    ],
    "tophat_r2_std_raw": [
      7.97770300073372,
      2.316521720219214
    ],
    "tophat_r2_std_corr": [
      -2.4832743571207585e-15,
      1.1209854309228164
    ],
    "local_var_cv15_raw": [
      0.145965856275591,
      0.022597121712925477
    ],
    "local_var_cv15_corr": [
      -2.6197864739241575e-18,
      0.0193748914439148
    ],
    "albedo_a_std_raw": [
      4.030037818414359,
      1.4420541908911402
    ],
    "albedo_a_std_corr": [
      -6.525392471266227e-16,
      1.4277844152559793
    ],
    "albedo_viability_raw": [
      0.026932102210764124,
      0.010044243931891572
    ],
    "albedo_viability_corr": [
      -1.2036856772083967e-17,
      0.01002624266614999
    ],
    "gray_std_raw": [
      31.291385937649512,
      8.284412745946407
    ],
    "gray_std_corr": [
      -1.9141151249047596e-14,
      8.029414326267998
    ]
  },
  "corrections": {
    "glcm_homogeneity": [
      0.5208093398595505,
      2.3636796294429133e-05,
      -0.05536233484924514,
      0.15671733956572442
    ],
    "glcm_dissimilarity": [
      1.4084782138711405,
      7.931586091526307e-05,
      0.35946968237025473,
      0.4194623065595318
    ],
    "lbp_r2_std": [
      2.3883915086856438,
      -0.0004833631014928225,
      0.31863556084188205,
      0.7137862229847856
    ],
    "lbp_r1_std": [
      1.9150061401328387,
      -0.0005350102608320251,
      0.43849410183069276,
      0.5707432462655805
    ],
    "fft_hf_ratio": [
      1.6938976347689432,
      -0.00171555574565538,
      1.5645148637170365,
      0.49475892284958967
    ],
    "grad_mean": [
      38.04289129905624,
      -0.014444309715260409,
      15.446871579089281,
      11.280463611121315
    ],
    "tophat_r4_std": [
      5.390976798417863,
      -0.002761035316122474,
      3.60536437322758,
      1.5863895297813209
    ],
    "tophat_r2_std": [
      2.7216956187914745,
      -0.002881931900565439,
      3.390007917334295,
      0.7874510714469682
    ],
    "local_var_cv15": [
      0.10769554931861194,
      -1.8183751972763638e-05,
      0.019256129441523915,
      0.0321436097117881
    ],
    "albedo_a_std": [
      3.2290249321261237,
      -0.0006538260726683836,
      0.38787203920915647,
      0.9653827706232512
    ],
    "albedo_viability": [
      0.02334557532330244,
      -3.4206424865037602e-06,
      0.0013027118687093065,
      0.006992506016368989
    ],
    "gray_std": [
      24.08970373579214,
      -0.009374798290922005,
      4.286694282450649,
      7.190166714416302
    ]
  },
  "bootstrap_auc_mean": 0.8264340223129463,
  "bootstrap_fpr_mean": 0.3742627562757309
}