{
  "autocorr_decay_len": 26.0,
  "bimodality_ashman_D": 2.718555734162749,
  "dwt_haar_HH_LL_ratio": 0.0,
  "edge_tortuosity_mean": 1.1143338128734104,
  "fft_high_low_ratio": 0.22032173949069056,
  "gabor_f08_anisotropy": 4.779285032269502,
  "glcm_diss_d3_aniso": 0.1298148296543595,
  "glrlm_sre": 0.5941546585605086,
  "glszm_small_area_emphasis": 0.4851145068581954,
  "hemoglobin_od_std": 0.041242890665134965,
  "jpeg_blockiness": 1.9417471885681152,
  "lacunarity": 2.502955235175593,
  "lbp_r1_hist_entropy": 3.2905714215685755,
  "melanin_hemo_slope": 3.1022543762525014,
  "ngtdm_coarseness": 0.12368934911237257,
  "noise_level": 2.420896291732788,
  "overall_quality": 0.7486451329639979,
  "pore_density_r2_mpx": 28943.20651125712,
  "pore_eccentricity_mean": 0.8297697879443455,
  "q_jpeg_blockiness": 1.9417471885681152,
  "q_laplacian_var": 335.2826232910156,
  "q_noise_sigma": 2.420896291732788,
  "q_tenengrad": 44.09653091430664,
  "seam_score": 0.02734599076440917,
  "shannon_entropy_q32": 4.846896512618649,
  "sharpness_score": 335.2826232910156,
  "spectral_slope_beta": 1.705374627757628,
  "specular_dispersion": 0.0,
  "specular_elongation": 2.2781004284944024,
  "specular_sharpness": 0.0,
  "sss_index": 0.19545136316030215,
  "texture_noise_sigma": 2.420896291732788,
  "texture_unreliable": 0.0,
  "tv_residual_sparsity": 0.8167394399642944,
  "wld_joint_entropy": 6.386931512628399
}