{
  "autocorr_decay_len": 25.0,
  "bimodality_ashman_D": 3.0727713953194233,
  "dwt_haar_HH_LL_ratio": 0.0,
  "edge_tortuosity_mean": 0.9470315301226221,
  "fft_high_low_ratio": 0.0331639639954967,
  "gabor_f08_anisotropy": 3.6068094506667223,
  "glcm_diss_d3_aniso": 0.07200469753239964,
  "glrlm_sre": 0.4374637290098972,
  "glszm_small_area_emphasis": 0.5742758302649297,
  "hemoglobin_od_std": 0.07078015121597073,
  "jpeg_blockiness": 1.622305679321289,
  "lacunarity": 2.173877832299497,
  "lbp_r1_hist_entropy": 3.2722978945035677,
  "melanin_hemo_slope": 0.9505159626925856,
  "ngtdm_coarseness": 0.1959792153227157,
  "noise_level": 1.373787760734558,
  "overall_quality": 0.5141728117125375,
  "pore_density_r2_mpx": 32445.05062162304,
  "pore_eccentricity_mean": 0.8571650948365697,
  "q_jpeg_blockiness": 1.622305679321289,
  "q_laplacian_var": 161.3915252685547,
  "q_noise_sigma": 1.373787760734558,
  "q_tenengrad": 29.012544631958008,
  "seam_score": 0.003550791092171342,
  "shannon_entropy_q32": 5.058793703729878,
  "sharpness_score": 161.3915252685547,
  "spectral_slope_beta": 2.1178862341030245,
  "specular_dispersion": 0.0,
  "specular_elongation": 1.0,
  "specular_sharpness": 0.0,
  "sss_index": -0.11863969594706072,
  "texture_noise_sigma": 1.373787760734558,
  "texture_unreliable": 0.0,
  "tv_residual_sparsity": 0.7979846000671387,
  "wld_joint_entropy": 6.502217375943293
}