{
  "autocorr_decay_len": 31.0,
  "bimodality_ashman_D": 2.915717097224521,
  "dwt_haar_HH_LL_ratio": 0.00045013729536726946,
  "dwt_haar_HH_LL_ratio_weight": 0.2,
  "edge_tortuosity_mean": 1.0296747720066903,
  "fft_high_low_ratio": 0.0386149218792732,
  "gabor_f08_anisotropy": 2.3080836349229603,
  "gabor_f08_anisotropy_weight": 0.2,
  "glcm_diss_d3_aniso": 0.03540010325648487,
  "glrlm_sre": 0.34006264635790867,
  "glrlm_sre_weight": 0.2,
  "glszm_small_area_emphasis": 0.34804217436816615,
  "hemoglobin_od_std": 0.11489480872681063,
  "jpeg_blockiness": 1.6601396083831788,
  "lacunarity": 2.570525390263035,
  "lbp_r1_hist_entropy": 3.124156317350455,
  "lbp_r1_hist_entropy_weight": 0.2,
  "melanin_hemo_slope": -0.9653275788224196,
  "ngtdm_coarseness": 0.3508834892310905,
  "ngtdm_coarseness_weight": 0.2,
  "noise_level": 0.828877329826355,
  "overall_quality": 0.34670525233404975,
  "pore_density_r2_mpx": 18629.751290473956,
  "pore_eccentricity_mean": 0.8127913720424303,
  "pore_eccentricity_mean_weight": 0.2,
  "q_jpeg_blockiness": 1.6601396083831788,
  "q_laplacian_var": 38.43565368652344,
  "q_noise_sigma": 0.828877329826355,
  "q_tenengrad": 24.73638916015625,
  "seam_score": 0.039091847532522254,
  "shannon_entropy_q32": 4.753048797762555,
  "shannon_entropy_q32_weight": 0.2,
  "sharpness_score": 38.43565368652344,
  "spectral_slope_beta": 3.1868622302068994,
  "specular_dispersion": 0.0,
  "specular_elongation": 3.445646441955594,
  "specular_elongation_weight": 0.2,
  "specular_sharpness": 0.0,
  "sss_index": -0.35465550696667714,
  "texture_noise_sigma": 0.828877329826355,
  "texture_unreliable": 0.0,
  "tv_residual_sparsity": 0.7661083936691284,
  "wld_joint_entropy": 6.133089584048331
}