{
  "autocorr_decay_len": 28.0,
  "bimodality_ashman_D": 3.0821055551365313,
  "dwt_haar_HH_LL_ratio": 0.0,
  "dwt_haar_HH_LL_ratio_weight": 0.2,
  "edge_tortuosity_mean": 0.9855583713751235,
  "fft_high_low_ratio": 0.0138967605473757,
  "gabor_f08_anisotropy": 4.02150493245132,
  "gabor_f08_anisotropy_weight": 0.2,
  "glcm_diss_d3_aniso": 0.07590817963103781,
  "glrlm_sre": 0.3414142587172476,
  "glrlm_sre_weight": 0.2,
  "glszm_small_area_emphasis": 0.42320204769858344,
  "hemoglobin_od_std": 0.09374471543729039,
  "jpeg_blockiness": 1.786830186843872,
  "lacunarity": 1.888360165403436,
  "lbp_r1_hist_entropy": 3.15802215603754,
  "lbp_r1_hist_entropy_weight": 0.2,
  "melanin_hemo_slope": 0.4836732273442303,
  "ngtdm_coarseness": 0.32194751344153183,
  "ngtdm_coarseness_weight": 0.2,
  "noise_level": 0.8712217211723328,
  "overall_quality": 0.39033533934865683,
  "pore_density_r2_mpx": 23774.823526429846,
  "pore_eccentricity_mean": 0.8487015398487882,
  "pore_eccentricity_mean_weight": 0.2,
  "q_jpeg_blockiness": 1.786830186843872,
  "q_laplacian_var": 69.8592529296875,
  "q_noise_sigma": 0.8712217211723328,
  "q_tenengrad": 26.96209144592285,
  "seam_score": 0.03126871581503617,
  "shannon_entropy_q32": 5.0342385677206165,
  "shannon_entropy_q32_weight": 0.2,
  "sharpness_score": 69.8592529296875,
  "spectral_slope_beta": 3.469988400964589,
  "specular_dispersion": 0.0,
  "specular_elongation": 1.0,
  "specular_elongation_weight": 0.2,
  "specular_sharpness": 0.0,
  "sss_index": 0.04862262417898657,
  "texture_noise_sigma": 0.8712217211723328,
  "texture_unreliable": 0.0,
  "tv_residual_sparsity": 0.7646563053131104,
  "wld_joint_entropy": 6.076753651719715
}