{
  "autocorr_decay_len": 20.0,
  "bimodality_ashman_D": 2.8967721008893195,
  "dwt_haar_HH_LL_ratio": 0.0,
  "edge_tortuosity_mean": 0.9831187274166384,
  "fft_high_low_ratio": 0.12475705627401669,
  "gabor_f08_anisotropy": 3.3050056091454563,
  "glcm_diss_d3_aniso": 0.029277111221448982,
  "glrlm_sre": 0.5821769917238301,
  "glszm_small_area_emphasis": 0.583488306351694,
  "hemoglobin_od_std": 0.09734321371486822,
  "jpeg_blockiness": 1.9138415336608887,
  "lacunarity": 1.6885616056703483,
  "lbp_r1_hist_entropy": 3.2183253928719395,
  "melanin_hemo_slope": 0.26349940808644395,
  "ngtdm_coarseness": 0.12831578853853384,
  "noise_level": 2.9326226711273193,
  "overall_quality": 0.764698018183027,
  "pore_density_r2_mpx": 48154.62698334483,
  "pore_eccentricity_mean": 0.8550190709220771,
  "q_jpeg_blockiness": 1.9138415336608887,
  "q_laplacian_var": 349.8819885253906,
  "q_noise_sigma": 2.9326226711273193,
  "q_tenengrad": 33.26802444458008,
  "seam_score": 0.010754761891120481,
  "shannon_entropy_q32": 4.972724302951824,
  "sharpness_score": 349.8819885253906,
  "spectral_slope_beta": 2.435712155356637,
  "specular_dispersion": 0.0,
  "specular_elongation": 1.0,
  "specular_sharpness": 0.0,
  "sss_index": 0.07917160438084163,
  "texture_noise_sigma": 2.9326226711273193,
  "texture_unreliable": 0.0,
  "tv_residual_sparsity": 0.8408500552177429,
  "wld_joint_entropy": 6.141213016254442
}