{
  "autocorr_decay_len": 14.0,
  "bimodality_ashman_D": 2.886962469136812,
  "dwt_haar_HH_LL_ratio": 0.0,
  "dwt_haar_HH_LL_ratio_weight": 0.2,
  "edge_tortuosity_mean": 0.9533488743138038,
  "fft_high_low_ratio": 0.06391697997105149,
  "gabor_f08_anisotropy": 1.1414415820625965,
  "gabor_f08_anisotropy_weight": 0.2,
  "glcm_diss_d3_aniso": 0.054234719718736085,
  "glrlm_sre": 0.38108468843665855,
  "glrlm_sre_weight": 0.2,
  "glszm_small_area_emphasis": 0.3902030972711237,
  "hemoglobin_od_std": 0.12208991933243694,
  "jpeg_blockiness": 2.0172754287719727,
  "lacunarity": 2.386393740334782,
  "lbp_r1_hist_entropy": 3.163949970039884,
  "lbp_r1_hist_entropy_weight": 0.2,
  "melanin_hemo_slope": -1.2420574247750023,
  "ngtdm_coarseness": 0.20989895418466217,
  "ngtdm_coarseness_weight": 0.2,
  "noise_level": 1.481839656829834,
  "overall_quality": 0.48862980079650875,
  "pore_density_r2_mpx": 18266.05860663691,
  "pore_eccentricity_mean": 0.8283806528554004,
  "pore_eccentricity_mean_weight": 0.2,
  "q_jpeg_blockiness": 2.0172754287719727,
  "q_laplacian_var": 143.8080596923828,
  "q_noise_sigma": 1.481839656829834,
  "q_tenengrad": 38.59054946899414,
  "seam_score": 0.010696325386370097,
  "shannon_entropy_q32": 4.964647756503684,
  "shannon_entropy_q32_weight": 0.2,
  "sharpness_score": 143.8080596923828,
  "spectral_slope_beta": 2.904816917275259,
  "specular_dispersion": 0.0,
  "specular_elongation": 1.0,
  "specular_elongation_weight": 0.2,
  "specular_sharpness": 0.0,
  "sss_index": -0.049266206454850234,
  "texture_noise_sigma": 1.481839656829834,
  "texture_unreliable": 0.0,
  "tv_residual_sparsity": 0.7697738409042358,
  "wld_joint_entropy": 5.834243215072946
}