{
  "autocorr_decay_len": 25.0,
  "bimodality_ashman_D": 2.6575151983521477,
  "dwt_haar_HH_LL_ratio": 0.0,
  "dwt_haar_HH_LL_ratio_weight": 0.2,
  "edge_tortuosity_mean": 1.0386388237110389,
  "fft_high_low_ratio": 0.12928108381166853,
  "gabor_f08_anisotropy": 3.79864036696117,
  "gabor_f08_anisotropy_weight": 0.2,
  "glcm_diss_d3_aniso": 0.054473739974488865,
  "glrlm_sre": 0.44055278978942286,
  "glrlm_sre_weight": 0.2,
  "glszm_small_area_emphasis": 0.42825881655074344,
  "hemoglobin_od_std": 0.04940795966996706,
  "jpeg_blockiness": 1.6183547019958495,
  "lacunarity": 2.2377170077124244,
  "lbp_r1_hist_entropy": 3.2188947303617375,
  "lbp_r1_hist_entropy_weight": 0.2,
  "melanin_hemo_slope": -1.4003175119111277,
  "ngtdm_coarseness": 0.3313544857059852,
  "ngtdm_coarseness_weight": 0.2,
  "noise_level": 0.8560471534729004,
  "overall_quality": 0.35175389355250763,
  "pore_density_r2_mpx": 21683.353819349144,
  "pore_eccentricity_mean": 0.8291718645552505,
  "pore_eccentricity_mean_weight": 0.2,
  "q_jpeg_blockiness": 1.6183547019958495,
  "q_laplacian_var": 42.20817184448242,
  "q_noise_sigma": 0.8560471534729004,
  "q_tenengrad": 19.288381576538086,
  "seam_score": 0.05819492505616705,
  "shannon_entropy_q32": 4.93100333915732,
  "shannon_entropy_q32_weight": 0.2,
  "sharpness_score": 42.20817184448242,
  "spectral_slope_beta": 2.518870668600283,
  "specular_dispersion": 0.0,
  "specular_elongation": 1.0,
  "specular_elongation_weight": 0.2,
  "specular_sharpness": 0.0,
  "sss_index": 0.007072025592129586,
  "texture_noise_sigma": 0.8560471534729004,
  "texture_unreliable": 0.0,
  "tv_residual_sparsity": 0.7854811549186707,
  "wld_joint_entropy": 5.8149189063373115
}