{
  "autocorr_decay_len": 18.0,
  "bimodality_ashman_D": 2.864772636966639,
  "dwt_haar_HH_LL_ratio": 0.0,
  "dwt_haar_HH_LL_ratio_weight": 0.2,
  "edge_tortuosity_mean": 1.0625592360976008,
  "fft_high_low_ratio": 0.3302170374278371,
  "gabor_f08_anisotropy": 3.2120769631510577,
  "gabor_f08_anisotropy_weight": 0.2,
  "glcm_diss_d3_aniso": 0.07390027611038151,
  "glrlm_sre": 0.5006593650663518,
  "glrlm_sre_weight": 0.2,
  "glszm_small_area_emphasis": 0.45622067888006895,
  "hemoglobin_od_std": 0.07615894513684787,
  "jpeg_blockiness": 1.5233849048614503,
  "lacunarity": 1.966385846320168,
  "lbp_r1_hist_entropy": 3.279464492693914,
  "lbp_r1_hist_entropy_weight": 0.2,
  "melanin_hemo_slope": -0.7937590091063074,
  "ngtdm_coarseness": 0.18103238544595057,
  "ngtdm_coarseness_weight": 0.2,
  "noise_level": 1.3000895977020264,
  "overall_quality": 0.46563481878553115,
  "pore_density_r2_mpx": 29059.829059829062,
  "pore_eccentricity_mean": 0.8254743283948424,
  "pore_eccentricity_mean_weight": 0.2,
  "q_jpeg_blockiness": 1.5233849048614503,
  "q_laplacian_var": 126.27031707763672,
  "q_noise_sigma": 1.3000895977020264,
  "q_tenengrad": 27.983449935913086,
  "seam_score": 0.012764631632873566,
  "shannon_entropy_q32": 4.958049295068529,
  "shannon_entropy_q32_weight": 0.2,
  "sharpness_score": 126.27031707763672,
  "spectral_slope_beta": 2.181535792629515,
  "specular_dispersion": 0.0,
  "specular_elongation": 1.0,
  "specular_elongation_weight": 0.2,
  "specular_sharpness": 0.0,
  "sss_index": 0.11310797356620615,
  "texture_noise_sigma": 1.3000895977020264,
  "texture_unreliable": 0.0,
  "tv_residual_sparsity": 0.8015332818031311,
  "wld_joint_entropy": 6.260353209939312
}