{
  "autocorr_decay_len": 32.0,
  "bimodality_ashman_D": 2.9182028504047075,
  "dwt_haar_HH_LL_ratio": 0.0011684353282553164,
  "dwt_haar_HH_LL_ratio_weight": 0.2,
  "edge_tortuosity_mean": 1.0172461121245202,
  "fft_high_low_ratio": 0.0582795612741711,
  "gabor_f08_anisotropy": 3.8772357099129873,
  "gabor_f08_anisotropy_weight": 0.2,
  "glcm_diss_d3_aniso": 0.08150144189152997,
  "glrlm_sre": 0.42921218053337723,
  "glrlm_sre_weight": 0.2,
  "glszm_small_area_emphasis": 0.4339059406376317,
  "hemoglobin_od_std": 0.09604039526009359,
  "jpeg_blockiness": 1.78120756149292,
  "lacunarity": 1.8345251953026147,
  "lbp_r1_hist_entropy": 3.231817381483412,
  "lbp_r1_hist_entropy_weight": 0.2,
  "melanin_hemo_slope": -1.071175776522853,
  "ngtdm_coarseness": 0.20862210304711704,
  "ngtdm_coarseness_weight": 0.2,
  "noise_level": 1.3036603927612305,
  "overall_quality": 0.47100760399954655,
  "pore_density_r2_mpx": 26712.239040598317,
  "pore_eccentricity_mean": 0.8364086798742826,
  "pore_eccentricity_mean_weight": 0.2,
  "q_jpeg_blockiness": 1.78120756149292,
  "q_laplacian_var": 130.1298828125,
  "q_noise_sigma": 1.3036603927612305,
  "q_tenengrad": 32.51384735107422,
  "seam_score": 0.02175651621618781,
  "shannon_entropy_q32": 4.904155989855177,
  "shannon_entropy_q32_weight": 0.2,
  "sharpness_score": 130.1298828125,
  "spectral_slope_beta": 3.03986135093962,
  "specular_dispersion": 0.0,
  "specular_elongation": 1.0,
  "specular_elongation_weight": 0.2,
  "specular_sharpness": 0.0,
  "sss_index": -0.04242397742408052,
  "texture_noise_sigma": 1.3036603927612305,
  "texture_unreliable": 0.0,
  "tv_residual_sparsity": 0.7881086468696594,
  "wld_joint_entropy": 6.100393703696149
}