{
  "autocorr_decay_len": 31.0,
  "bimodality_ashman_D": 2.6857373529993036,
  "dwt_haar_HH_LL_ratio": 0.0,
  "edge_tortuosity_mean": 0.9538754609210556,
  "fft_high_low_ratio": 0.029324822235615198,
  "gabor_f08_anisotropy": 4.543251913525638,
  "glcm_diss_d3_aniso": 0.1154066200558774,
  "glrlm_sre": 0.5042447020289555,
  "glszm_small_area_emphasis": 0.6353485445204599,
  "hemoglobin_od_std": 0.09772059384314857,
  "jpeg_blockiness": 2.067501926422119,
  "lacunarity": 1.750447820835098,
  "lbp_r1_hist_entropy": 3.2210310372598885,
  "melanin_hemo_slope": -0.21821400332546723,
  "ngtdm_coarseness": 0.1511399730083647,
  "noise_level": 2.5591933727264404,
  "overall_quality": 0.7000488712583269,
  "pore_density_r2_mpx": 48606.53661008361,
  "pore_eccentricity_mean": 0.8685297600350073,
  "q_jpeg_blockiness": 2.067501926422119,
  "q_laplacian_var": 301.417724609375,
  "q_noise_sigma": 2.5591933727264404,
  "q_tenengrad": 32.48497772216797,
  "seam_score": 0.0258470619490911,
  "shannon_entropy_q32": 4.826953751938204,
  "sharpness_score": 301.417724609375,
  "spectral_slope_beta": 2.0794261797233955,
  "specular_dispersion": 0.0,
  "specular_elongation": 1.0,
  "specular_sharpness": 0.0,
  "sss_index": -0.028923092318064083,
  "texture_noise_sigma": 0.0,
  "texture_unreliable": 0.0,
  "tv_residual_sparsity": 0.8399869799613953,
  "wld_joint_entropy": 6.376038861801842
}