{
  "autocorr_decay_len": 29.0,
  "bimodality_ashman_D": 0.0,
  "dwt_haar_HH_LL_ratio": 0.0,
  "edge_tortuosity_mean": 1.0,
  "fft_high_low_ratio": 0.03839426981770389,
  "gabor_f08_anisotropy": 0.0,
  "glcm_diss_d3_aniso": 0.0,
  "glrlm_sre": 0.0,
  "glszm_small_area_emphasis": 0.0,
  "hemoglobin_od_std": 0.0,
  "jpeg_blockiness": 2.067501926422119,
  "lacunarity": 0.0,
  "lbp_r1_hist_entropy": 0.0,
  "melanin_hemo_slope": -0.21821400332546723,
  "ngtdm_coarseness": 0.0,
  "noise_level": 2.5591933727264404,
  "overall_quality": 0.7000488712583269,
  "pore_density_r2_mpx": 0.0,
  "pore_eccentricity_mean": 0.0,
  "q_jpeg_blockiness": 2.067501926422119,
  "q_laplacian_var": 301.417724609375,
  "q_noise_sigma": 2.5591933727264404,
  "q_tenengrad": 32.48497772216797,
  "seam_score": 0.0258470619490911,
  "shannon_entropy_q32": 0.0,
  "sharpness_score": 301.417724609375,
  "spectral_slope_beta": 2.090971083024777,
  "specular_dispersion": 0.0,
  "specular_elongation": 1.0,
  "specular_sharpness": 0.0,
  "sss_index": -0.028923092318064083,
  "texture_noise_sigma": 0.0,
  "texture_unreliable": 0.0,
  "tv_residual_sparsity": 0.8399869799613953,
  "wld_joint_entropy": 0.0
}