{
  "autocorr_decay_len": 13.0,
  "bimodality_ashman_D": 2.824351821204207,
  "dwt_haar_HH_LL_ratio": 0.0,
  "edge_tortuosity_mean": 1.0738926078634827,
  "fft_high_low_ratio": 0.251179515381952,
  "gabor_f08_anisotropy": 5.067148096613289,
  "glcm_diss_d3_aniso": 0.038646497098762854,
  "glrlm_sre": 0.5374142311412277,
  "glszm_small_area_emphasis": 0.425852763201136,
  "hemoglobin_od_std": 0.05286199207376629,
  "jpeg_blockiness": 2.080558490753174,
  "lacunarity": 1.7884488410693462,
  "lbp_r1_hist_entropy": 3.2683707112539273,
  "melanin_hemo_slope": -1.3907688245470773,
  "ngtdm_coarseness": 0.15098455947658831,
  "noise_level": 1.92592453956604,
  "overall_quality": 0.5606528328214373,
  "pore_density_r2_mpx": 32263.376570733686,
  "pore_eccentricity_mean": 0.7827349493655992,
  "q_jpeg_blockiness": 2.080558490753174,
  "q_laplacian_var": 197.9719696044922,
  "q_noise_sigma": 1.92592453956604,
  "q_tenengrad": 42.79579544067383,
  "seam_score": 0.011010670206489236,
  "shannon_entropy_q32": 4.958519056268466,
  "sharpness_score": 197.9719696044922,
  "spectral_slope_beta": 2.9393563011391644,
  "specular_dispersion": 0.0,
  "specular_elongation": 1.0,
  "specular_sharpness": 0.0,
  "sss_index": -0.14398110041145268,
  "texture_noise_sigma": 1.92592453956604,
  "texture_unreliable": 0.0,
  "tv_residual_sparsity": 0.794305682182312,
  "wld_joint_entropy": 6.399464869379845
}