{
  "autocorr_decay_len": 27.0,
  "bimodality_ashman_D": 3.087905008212498,
  "dwt_haar_HH_LL_ratio": 0.0,
  "edge_tortuosity_mean": 1.0048761068349947,
  "fft_high_low_ratio": 0.046892603957531136,
  "gabor_f08_anisotropy": 1.9897314862175535,
  "glcm_diss_d3_aniso": 0.057442393007919534,
  "glrlm_sre": 0.5488551433181192,
  "glszm_small_area_emphasis": 0.5813120931775891,
  "hemoglobin_od_std": 0.17432362488784237,
  "jpeg_blockiness": 1.8834792137145997,
  "lacunarity": 2.0807513916646956,
  "lbp_r1_hist_entropy": 3.2580955989761566,
  "melanin_hemo_slope": 1.9621394078775958,
  "ngtdm_coarseness": 0.1343954221646573,
  "noise_level": 2.3530707359313965,
  "overall_quality": 0.8493697749001639,
  "pore_density_r2_mpx": 38385.29464768426,
  "pore_eccentricity_mean": 0.8405899228620755,
  "q_jpeg_blockiness": 1.8834792137145997,
  "q_laplacian_var": 406.81353759765625,
  "q_noise_sigma": 2.3530707359313965,
  "q_tenengrad": 37.64169692993164,
  "seam_score": 0.008430721998672805,
  "shannon_entropy_q32": 5.074360154624802,
  "sharpness_score": 406.81353759765625,
  "spectral_slope_beta": 2.2854071877719933,
  "specular_dispersion": 0.0,
  "specular_elongation": 1.0,
  "specular_sharpness": 0.0,
  "sss_index": 0.39850777582218294,
  "texture_noise_sigma": 2.3530707359313965,
  "texture_unreliable": 0.0,
  "tv_residual_sparsity": 0.8342301249504089,
  "wld_joint_entropy": 6.6996978220581225
}