{
  "autocorr_decay_len": 34.0,
  "bimodality_ashman_D": 2.8070103085013947,
  "dwt_haar_HH_LL_ratio": 0.0,
  "edge_tortuosity_mean": 1.0774025581509132,
  "fft_high_low_ratio": 0.04347887668675123,
  "gabor_f08_anisotropy": 2.7607819194909533,
  "glcm_diss_d3_aniso": 0.11563284729429268,
  "glrlm_sre": 0.47704072613546245,
  "glszm_small_area_emphasis": 0.4555938460175411,
  "hemoglobin_od_std": 0.06952792918024055,
  "jpeg_blockiness": 1.9529735565185546,
  "lacunarity": 2.0348915778106447,
  "lbp_r1_hist_entropy": 3.275809462823239,
  "melanin_hemo_slope": 0.295073063295812,
  "ngtdm_coarseness": 0.1682937760322929,
  "noise_level": 1.9703160524368286,
  "overall_quality": 0.5982294325283595,
  "pore_density_r2_mpx": 30279.446457669575,
  "pore_eccentricity_mean": 0.8552279447645138,
  "q_jpeg_blockiness": 1.9529735565185546,
  "q_laplacian_var": 225.0841827392578,
  "q_noise_sigma": 1.9703160524368286,
  "q_tenengrad": 39.21678161621094,
  "seam_score": 0.03413855022384032,
  "shannon_entropy_q32": 4.70696910855846,
  "sharpness_score": 225.0841827392578,
  "spectral_slope_beta": 2.8902060303170285,
  "specular_dispersion": 0.0,
  "specular_elongation": 2.884621784759495,
  "specular_sharpness": 0.0,
  "sss_index": 0.1426530977328716,
  "texture_noise_sigma": 1.9703160524368286,
  "texture_unreliable": 0.0,
  "tv_residual_sparsity": 0.8049837946891785,
  "wld_joint_entropy": 6.073584167196427
}