{
  "autocorr_decay_len": 33.0,
  "bimodality_ashman_D": 2.704219927038849,
  "dwt_haar_HH_LL_ratio": 0.0014800233409272678,
  "edge_tortuosity_mean": 1.0076203951450817,
  "fft_high_low_ratio": 0.09914804771361091,
  "gabor_f08_anisotropy": 2.3190490030896322,
  "glcm_diss_d3_aniso": 0.05512981160764484,
  "glrlm_sre": 0.531529574275637,
  "glszm_small_area_emphasis": 0.527484123213282,
  "hemoglobin_od_std": 0.1588034672864983,
  "jpeg_blockiness": 2.046211338043213,
  "lacunarity": 1.9748018685787283,
  "lbp_r1_hist_entropy": 3.274467765499189,
  "melanin_hemo_slope": 0.16531437739293076,
  "ngtdm_coarseness": 0.13774496118743884,
  "noise_level": 2.396075487136841,
  "overall_quality": 0.7927187103543962,
  "pore_density_r2_mpx": 31398.715850434346,
  "pore_eccentricity_mean": 0.8481963103859596,
  "q_jpeg_blockiness": 2.046211338043213,
  "q_laplacian_var": 366.6117858886719,
  "q_noise_sigma": 2.396075487136841,
  "q_tenengrad": 41.84284210205078,
  "seam_score": 0.0005454777567085662,
  "shannon_entropy_q32": 4.700304250583915,
  "sharpness_score": 366.6117858886719,
  "spectral_slope_beta": 3.072971147210858,
  "specular_dispersion": 0.0,
  "specular_elongation": 1.0,
  "specular_sharpness": 0.0,
  "sss_index": -0.24291272340213632,
  "texture_noise_sigma": 2.396075487136841,
  "texture_unreliable": 0.0,
  "tv_residual_sparsity": 0.8221113681793213,
  "wld_joint_entropy": 6.316061499780106
}