{
  "autocorr_decay_len": 21.0,
  "bimodality_ashman_D": 0.0,
  "dwt_haar_HH_LL_ratio": 0.0,
  "edge_tortuosity_mean": 1.0,
  "fft_high_low_ratio": 0.0999733448765907,
  "gabor_f08_anisotropy": 0.0,
  "glcm_diss_d3_aniso": 0.0,
  "glrlm_sre": 0.0,
  "glszm_small_area_emphasis": 0.0,
  "hemoglobin_od_std": 0.0,
  "jpeg_blockiness": 1.7900414943695069,
  "lacunarity": 0.0,
  "lbp_r1_hist_entropy": 0.0,
  "melanin_hemo_slope": 0.855201112660491,
  "ngtdm_coarseness": 0.0,
  "noise_level": 1.4526886940002441,
  "overall_quality": 0.5138387848445347,
  "pore_density_r2_mpx": 0.0,
  "pore_eccentricity_mean": 0.0,
  "q_jpeg_blockiness": 1.7900414943695069,
  "q_laplacian_var": 161.63600158691406,
  "q_noise_sigma": 1.4526886940002441,
  "q_tenengrad": 35.292930603027344,
  "seam_score": 0.02384959607972131,
  "shannon_entropy_q32": 0.0,
  "sharpness_score": 161.63600158691406,
  "spectral_slope_beta": 2.5682651995910577,
  "specular_dispersion": 0.0,
  "specular_elongation": 1.0,
  "specular_sharpness": 0.0,
  "sss_index": 0.21183569900741273,
  "texture_noise_sigma": 0.0,
  "texture_unreliable": 0.0,
  "tv_residual_sparsity": 0.7972624897956848,
  "wld_joint_entropy": 0.0
}