{
  "autocorr_decay_len": 19.0,
  "bimodality_ashman_D": 4.432667243311374,
  "dwt_haar_HH_LL_ratio": 0.0,
  "dwt_haar_HH_LL_ratio_weight": 0.2,
  "edge_tortuosity_mean": 1.0470020373539275,
  "fft_high_low_ratio": 0.19561132101683715,
  "gabor_f08_anisotropy": 4.268793933216634,
  "gabor_f08_anisotropy_weight": 0.2,
  "glcm_diss_d3_aniso": 0.010692012852501705,
  "glrlm_sre": 0.2784707908036678,
  "glrlm_sre_weight": 0.2,
  "glszm_small_area_emphasis": 0.3214950332514668,
  "hemoglobin_od_std": 0.23264628079572247,
  "jpeg_blockiness": 1.9963131904602052,
  "lacunarity": 2.1600993523426752,
  "lbp_r1_hist_entropy": 3.036622194642239,
  "lbp_r1_hist_entropy_weight": 0.2,
  "melanin_hemo_slope": -0.8442381511798437,
  "ngtdm_coarseness": 0.36652810350486725,
  "ngtdm_coarseness_weight": 0.2,
  "noise_level": 0.8638820648193359,
  "overall_quality": 0.34956152430943077,
  "pore_density_r2_mpx": 19141.83407173636,
  "pore_eccentricity_mean": 0.7905666410990382,
  "pore_eccentricity_mean_weight": 0.2,
  "q_jpeg_blockiness": 1.9963131904602052,
  "q_laplacian_var": 40.690162658691406,
  "q_noise_sigma": 0.8638820648193359,
  "q_tenengrad": 29.927024841308594,
  "seam_score": 0.1000411692863065,
  "shannon_entropy_q32": 4.642835801988669,
  "shannon_entropy_q32_weight": 0.2,
  "sharpness_score": 40.690162658691406,
  "spectral_slope_beta": 3.1579952098844175,
  "specular_dispersion": 0.0,
  "specular_elongation": 1.0,
  "specular_elongation_weight": 0.2,
  "specular_sharpness": 0.0,
  "sss_index": -0.24869654754385398,
  "texture_noise_sigma": 0.8638820648193359,
  "texture_unreliable": 0.0,
  "tv_residual_sparsity": 0.7499340176582336,
  "wld_joint_entropy": 6.321232866786674
}