{
  "autocorr_decay_len": 27.0,
  "bimodality_ashman_D": 2.5191662948509292,
  "dwt_haar_HH_LL_ratio": 0.001533424596312266,
  "edge_tortuosity_mean": 1.135093587889896,
  "fft_high_low_ratio": 0.22482164446411557,
  "gabor_f08_anisotropy": 3.7208691104845704,
  "glcm_diss_d3_aniso": 0.04185023309314261,
  "glrlm_sre": 0.6220809039717216,
  "glszm_small_area_emphasis": 0.5161695439245076,
  "hemoglobin_od_std": 0.08675773060795938,
  "jpeg_blockiness": 1.829249095916748,
  "lacunarity": 1.6835734475612352,
  "lbp_r1_hist_entropy": 3.2551784493556943,
  "melanin_hemo_slope": -0.8601688455979037,
  "ngtdm_coarseness": 0.11833713586576836,
  "noise_level": 2.7412264347076416,
  "overall_quality": 0.7694593764441353,
  "pore_density_r2_mpx": 44399.48634700652,
  "pore_eccentricity_mean": 0.8510316615777311,
  "q_jpeg_blockiness": 1.829249095916748,
  "q_laplacian_var": 352.11114501953125,
  "q_noise_sigma": 2.7412264347076416,
  "q_tenengrad": 37.23622131347656,
  "seam_score": 0.01245179783874245,
  "shannon_entropy_q32": 4.746002145479688,
  "sharpness_score": 352.11114501953125,
  "spectral_slope_beta": 1.9461211392997182,
  "specular_dispersion": 0.0,
  "specular_elongation": 1.0,
  "specular_sharpness": 0.0,
  "sss_index": -0.009998048600722838,
  "texture_noise_sigma": 0.0,
  "texture_unreliable": 0.0,
  "tv_residual_sparsity": 0.8419167995452881,
  "wld_joint_entropy": 6.539342384891098
}