{
  "autocorr_decay_len": 19.0,
  "bimodality_ashman_D": 2.6583934072206117,
  "dwt_haar_HH_LL_ratio": 0.0,
  "edge_tortuosity_mean": 1.0394144005058337,
  "fft_high_low_ratio": 0.17510456272775843,
  "gabor_f08_anisotropy": 5.024512715079459,
  "glcm_diss_d3_aniso": 0.05661674581238617,
  "glrlm_sre": 0.4631697755770353,
  "glszm_small_area_emphasis": 0.49272640732176626,
  "hemoglobin_od_std": 0.10457456341148484,
  "jpeg_blockiness": 1.6636528491973877,
  "lacunarity": 1.9006173496246417,
  "lbp_r1_hist_entropy": 3.2771422876360448,
  "melanin_hemo_slope": -0.33662616212660756,
  "ngtdm_coarseness": 0.16356404612474615,
  "noise_level": 1.8005141019821167,
  "overall_quality": 0.5641038017681667,
  "pore_density_r2_mpx": 29363.595331742858,
  "pore_eccentricity_mean": 0.8815078869051871,
  "q_jpeg_blockiness": 1.6636528491973877,
  "q_laplacian_var": 199.66912841796875,
  "q_noise_sigma": 1.8005141019821167,
  "q_tenengrad": 29.63622283935547,
  "seam_score": 0.004580990871678936,
  "shannon_entropy_q32": 4.84506546402587,
  "sharpness_score": 199.66912841796875,
  "spectral_slope_beta": 1.5896883618292021,
  "specular_dispersion": 0.0,
  "specular_elongation": 1.7320508075688774,
  "specular_sharpness": 0.0,
  "sss_index": 0.6781513898205729,
  "texture_noise_sigma": 1.8005141019821167,
  "texture_unreliable": 0.0,
  "tv_residual_sparsity": 0.8253338932991028,
  "wld_joint_entropy": 5.928663279874284
}