{
  "autocorr_decay_len": 21.0,
  "bimodality_ashman_D": 2.8416972515884846,
  "dwt_haar_HH_LL_ratio": 0.000978738349209198,
  "dwt_haar_HH_LL_ratio_weight": 0.2,
  "edge_tortuosity_mean": 1.0105715112376443,
  "fft_high_low_ratio": 0.09967891340485206,
  "gabor_f08_anisotropy": 2.5292163738819884,
  "gabor_f08_anisotropy_weight": 0.2,
  "glcm_diss_d3_aniso": 0.033486912798371515,
  "glrlm_sre": 0.44916604847698416,
  "glrlm_sre_weight": 0.2,
  "glszm_small_area_emphasis": 0.4342665746879638,
  "hemoglobin_od_std": 0.16664436922192302,
  "jpeg_blockiness": 1.8648792266845704,
  "lacunarity": 1.9476012572382007,
  "lbp_r1_hist_entropy": 3.2531304141967317,
  "lbp_r1_hist_entropy_weight": 0.2,
  "melanin_hemo_slope": -2.5769018028715043,
  "ngtdm_coarseness": 0.20665293929874962,
  "ngtdm_coarseness_weight": 0.2,
  "noise_level": 1.4378396272659302,
  "overall_quality": 0.4702739330427987,
  "pore_density_r2_mpx": 27562.283191422266,
  "pore_eccentricity_mean": 0.8252464163564799,
  "pore_eccentricity_mean_weight": 0.2,
  "q_jpeg_blockiness": 1.8648792266845704,
  "q_laplacian_var": 130.42733764648438,
  "q_noise_sigma": 1.4378396272659302,
  "q_tenengrad": 34.62504196166992,
  "seam_score": 0.02406744813377698,
  "shannon_entropy_q32": 4.92008315847576,
  "shannon_entropy_q32_weight": 0.2,
  "sharpness_score": 130.42733764648438,
  "spectral_slope_beta": 2.887432201094115,
  "specular_dispersion": 0.0,
  "specular_elongation": 1.0,
  "specular_elongation_weight": 0.2,
  "specular_sharpness": 0.0,
  "sss_index": 0.36636381926793393,
  "texture_noise_sigma": 1.4378396272659302,
  "texture_unreliable": 0.0,
  "tv_residual_sparsity": 0.7944777607917786,
  "wld_joint_entropy": 6.417375655085036
}