{
  "autocorr_decay_len": 15.0,
  "bimodality_ashman_D": 2.8278306225112453,
  "dwt_haar_HH_LL_ratio": 0.0005378832702794611,
  "dwt_haar_HH_LL_ratio_weight": 0.2,
  "edge_tortuosity_mean": 1.0218515653441245,
  "fft_high_low_ratio": 0.04742463230920363,
  "gabor_f08_anisotropy": 3.5003543931891077,
  "gabor_f08_anisotropy_weight": 0.2,
  "glcm_diss_d3_aniso": 0.012347260487250688,
  "glrlm_sre": 0.36185652682303443,
  "glrlm_sre_weight": 0.2,
  "glszm_small_area_emphasis": 0.41722106561653205,
  "hemoglobin_od_std": 0.06442002999235084,
  "jpeg_blockiness": 1.8188151359558105,
  "lacunarity": 1.7491591040106296,
  "lbp_r1_hist_entropy": 3.184383649294342,
  "lbp_r1_hist_entropy_weight": 0.2,
  "melanin_hemo_slope": 0.6320051917419516,
  "ngtdm_coarseness": 0.2945438636868607,
  "ngtdm_coarseness_weight": 0.2,
  "noise_level": 1.1217641830444336,
  "overall_quality": 0.3941427885872977,
  "pore_density_r2_mpx": 28120.539619687832,
  "pore_eccentricity_mean": 0.8249013661940846,
  "pore_eccentricity_mean_weight": 0.2,
  "q_jpeg_blockiness": 1.8188151359558105,
  "q_laplacian_var": 74.11279296875,
  "q_noise_sigma": 1.1217641830444336,
  "q_tenengrad": 29.822154998779297,
  "seam_score": 0.04180494472290572,
  "shannon_entropy_q32": 4.781264037200099,
  "shannon_entropy_q32_weight": 0.2,
  "sharpness_score": 74.11279296875,
  "spectral_slope_beta": 3.5060144800505717,
  "specular_dispersion": 0.0,
  "specular_elongation": 1.0,
  "specular_elongation_weight": 0.2,
  "specular_sharpness": 0.0,
  "sss_index": 0.45490155432491486,
  "texture_noise_sigma": 1.1217641830444336,
  "texture_unreliable": 0.0,
  "tv_residual_sparsity": 0.7778333425521851,
  "wld_joint_entropy": 6.092800059332503
}