{
  "stability": {
    "beta": {
      "mean_cv": 0.36209034484824554,
      "median_cv": 0.3554649712418293,
      "mean_range": 3.5417551950222217,
      "count": 10
    },
    "glcm_diss_d3_aniso": {
      "mean_cv": 0.22615325302159803,
      "median_cv": 0.2197742798146794,
      "mean_range": 0.024462254797821964,
      "count": 10
    },
    "glcm_diss_d3_mean": {
      "mean_cv": 0.22837004674606046,
      "median_cv": 0.23156640254778132,
      "mean_range": 1.2232594684989944,
      "count": 10
    },
    "glcm_energy_d1_mean": {
      "mean_cv": 0.15742126797781347,
      "median_cv": 0.16144565640919667,
      "mean_range": 0.06694973891931753,
      "count": 10
    },
    "pore_r2_std": {
      "mean_cv": 0.4749490816346958,
      "median_cv": 0.4712598443480045,
      "mean_range": 6.754392542055515,
      "count": 10
    },
    "pore_r4_dens": {
      "mean_cv": 0.23344360841658393,
      "median_cv": 0.20919293957178745,
      "mean_range": 0.08633848788057144,
      "count": 10
    },
    "lbp_r2_nonuniform": {
      "mean_cv": 0.37377372612452253,
      "median_cv": 0.37511659393070473,
      "mean_range": 0.24856546631708493,
      "count": 10
    },
    "blur": {
      "mean_cv": 1.157893444325626,
      "median_cv": 1.1818168643733122,
      "mean_range": 1234.9485305947844,
      "count": 10
    },
    "glcm_contr_d1_mean": {
      "mean_cv": 0.739000526043103,
      "median_cv": 0.7482350535721451,
      "mean_range": 5.272631765181643,
      "count": 10
    },
    "homo_cv_w15": {
      "mean_cv": 0.09593002515369137,
      "median_cv": 0.09074060766035366,
      "mean_range": 0.03503013745263892,
      "count": 10
    },
    "fft_highfreq": {
      "mean_cv": 0.4152867121385853,
      "median_cv": 0.41274447768415046,
      "mean_range": 0.11098428001900748,
      "count": 10
    },
    "pore_r4_mean": {
      "mean_cv": 0.5641777990386849,
      "median_cv": 0.561776830095676,
      "mean_range": 11.018952324896997,
      "count": 10
    },
    "glcm_diss_d3_std": {
      "mean_cv": 0.22615325302159803,
      "median_cv": 0.2197742798146794,
      "mean_range": 0.024462254797821964,
      "count": 10
    },
    "fft_aniso": {
      "mean_cv": 0.10671964703334773,
      "median_cv": 0.09072772335648628,
      "mean_range": 0.03161128744262531,
      "count": 10
    },
    "lbp_r1_hist_ent": {
      "mean_cv": 0.08624910031973669,
      "median_cv": 0.08404337867022055,
      "mean_range": 0.8922596586705875,
      "count": 10
    },
    "glcm_homo_d3_mean": {
      "mean_cv": 0.1853983400015645,
      "median_cv": 0.17350422236440732,
      "mean_range": 0.3611097068247065,
      "count": 10
    },
    "glcm_diss_d1_mean": {
      "mean_cv": 0.48367297214968047,
      "median_cv": 0.4907931763489649,
      "mean_range": 1.4029579766799207,
      "count": 10
    },
    "edge_dens": {
      "mean_cv": 0.7686728289509918,
      "median_cv": 0.8009987055263506,
      "mean_range": 0.2636235218577773,
      "count": 10
    },
    "glcm_homo_d1_mean": {
      "mean_cv": 0.17850461985471938,
      "median_cv": 0.17030166115723244,
      "mean_range": 0.39999753757192663,
      "count": 10
    },
    "homo_cv_w31": {
      "mean_cv": 0.04748360779308441,
      "median_cv": 0.04625691876045801,
      "mean_range": 0.02536509008662697,
      "count": 10
    },
    "lbp_r1_nonuniform": {
      "mean_cv": 0.491271729513531,
      "median_cv": 0.48597960869651885,
      "mean_range": 0.20525763818288834,
      "count": 10
    },
    "fft_angular_ent": {
      "mean_cv": 0.009844419914947541,
      "median_cv": 0.004309798537816347,
      "mean_range": 0.03161128744262531,
      "count": 10
    },
    "pore_r2_mean": {
      "mean_cv": 0.6663236015153415,
      "median_cv": 0.6685347505049297,
      "mean_range": 7.350930493873402,
      "count": 10
    },
    "pore_r2_dens": {
      "mean_cv": 0.24226403082760167,
      "median_cv": 0.22124872540135126,
      "mean_range": 0.09950880196907272,
      "count": 10
    },
    "pore_r4_std": {
      "mean_cv": 0.3326499883103673,
      "median_cv": 0.34095038862800564,
      "mean_range": 7.079350911933076,
      "count": 10
    },
    "fft_high_low": {
      "mean_cv": 0.45471108252763937,
      "median_cv": 0.4491014917638621,
      "mean_range": 0.1557623297068727,
      "count": 10
    },
    "glcm_corr_d1_mean": {
      "mean_cv": 0.011317456324516764,
      "median_cv": 0.01107527845769177,
      "mean_range": 0.03778196997103146,
      "count": 10
    },
    "lbp_r2_std": {
      "mean_cv": 0.16021567627117594,
      "median_cv": 0.16108410423433125,
      "mean_range": 1.582405054999532,
      "count": 10
    },
    "lbp_r1_std": {
      "mean_cv": 0.21228146274488924,
      "median_cv": 0.2108594188547018,
      "mean_range": 1.8324288507724458,
      "count": 10
    },
    "hist_entropy": {
      "mean_cv": 0.006992942101443472,
      "median_cv": 0.006710215448311515,
      "mean_range": 0.10363262129720767,
      "count": 10
    },
    "glcm_contr_d3_mean": {
      "mean_cv": 0.5949239994004769,
      "median_cv": 0.5960157964126017,
      "mean_range": 6.119261824324319,
      "count": 10
    }
  },
  "sorted": [
    [
      "hist_entropy",
      {
        "mean_cv": 0.006992942101443472,
        "median_cv": 0.006710215448311515,
        "mean_range": 0.10363262129720767,
        "count": 10
      }
    ],
    [
      "fft_angular_ent",
      {
        "mean_cv": 0.009844419914947541,
        "median_cv": 0.004309798537816347,
        "mean_range": 0.03161128744262531,
        "count": 10
      }
    ],
    [
      "glcm_corr_d1_mean",
      {
        "mean_cv": 0.011317456324516764,
        "median_cv": 0.01107527845769177,
        "mean_range": 0.03778196997103146,
        "count": 10
      }
    ],
    [
      "homo_cv_w31",
      {
        "mean_cv": 0.04748360779308441,
        "median_cv": 0.04625691876045801,
        "mean_range": 0.02536509008662697,
        "count": 10
      }
    ],
    [
      "lbp_r1_hist_ent",
      {
        "mean_cv": 0.08624910031973669,
        "median_cv": 0.08404337867022055,
        "mean_range": 0.8922596586705875,
        "count": 10
      }
    ],
    [
      "homo_cv_w15",
      {
        "mean_cv": 0.09593002515369137,
        "median_cv": 0.09074060766035366,
        "mean_range": 0.03503013745263892,
        "count": 10
      }
    ],
    [
      "fft_aniso",
      {
        "mean_cv": 0.10671964703334773,
        "median_cv": 0.09072772335648628,
        "mean_range": 0.03161128744262531,
        "count": 10
      }
    ],
    [
      "glcm_energy_d1_mean",
      {
        "mean_cv": 0.15742126797781347,
        "median_cv": 0.16144565640919667,
        "mean_range": 0.06694973891931753,
        "count": 10
      }
    ],
    [
      "lbp_r2_std",
      {
        "mean_cv": 0.16021567627117594,
        "median_cv": 0.16108410423433125,
        "mean_range": 1.582405054999532,
        "count": 10
      }
    ],
    [
      "glcm_homo_d1_mean",
      {
        "mean_cv": 0.17850461985471938,
        "median_cv": 0.17030166115723244,
        "mean_range": 0.39999753757192663,
        "count": 10
      }
    ],
    [
      "glcm_homo_d3_mean",
      {
        "mean_cv": 0.1853983400015645,
        "median_cv": 0.17350422236440732,
        "mean_range": 0.3611097068247065,
        "count": 10
      }
    ],
    [
      "lbp_r1_std",
      {
        "mean_cv": 0.21228146274488924,
        "median_cv": 0.2108594188547018,
        "mean_range": 1.8324288507724458,
        "count": 10
      }
    ],
    [
      "glcm_diss_d3_aniso",
      {
        "mean_cv": 0.22615325302159803,
        "median_cv": 0.2197742798146794,
        "mean_range": 0.024462254797821964,
        "count": 10
      }
    ],
    [
      "glcm_diss_d3_std",
      {
        "mean_cv": 0.22615325302159803,
        "median_cv": 0.2197742798146794,
        "mean_range": 0.024462254797821964,