{
  "autocorr_decay_len": 29.0,
  "bimodality_ashman_D": 2.9481596684792786,
  "dwt_haar_HH_LL_ratio": 0.0005117113585151715,
  "dwt_haar_HH_LL_ratio_weight": 0.2,
  "edge_tortuosity_mean": 1.0282197340580654,
  "fft_high_low_ratio": 0.04607056104190498,
  "gabor_f08_anisotropy": 1.0511349674519377,
  "gabor_f08_anisotropy_weight": 0.2,
  "glcm_diss_d3_aniso": 0.028173406993749518,
  "glrlm_sre": 0.33907381793204633,
  "glrlm_sre_weight": 0.2,
  "glszm_small_area_emphasis": 0.3765132130521854,
  "hemoglobin_od_std": 0.0887780265657955,
  "jpeg_blockiness": 1.7021849155426025,
  "lacunarity": 1.7526636495768926,
  "lbp_r1_hist_entropy": 3.1617746178463366,
  "lbp_r1_hist_entropy_weight": 0.2,
  "melanin_hemo_slope": -0.43966286356111495,
  "ngtdm_coarseness": 0.3166893275352761,
  "ngtdm_coarseness_weight": 0.2,
  "noise_level": 0.8947688937187195,
  "overall_quality": 0.35532090191841126,
  "pore_density_r2_mpx": 26117.70346398178,
  "pore_eccentricity_mean": 0.8198836262825456,
  "pore_eccentricity_mean_weight": 0.2,
  "q_jpeg_blockiness": 1.7021849155426025,
  "q_laplacian_var": 44.993106842041016,
  "q_noise_sigma": 0.8947688937187195,
  "q_tenengrad": 24.556079864501953,
  "seam_score": 0.09557432063619736,
  "shannon_entropy_q32": 4.86403727696508,
  "shannon_entropy_q32_weight": 0.2,
  "sharpness_score": 44.993106842041016,
  "spectral_slope_beta": 2.7781814048238567,
  "specular_dispersion": 0.0,
  "specular_elongation": 1.0,
  "specular_elongation_weight": 0.2,
  "specular_sharpness": 0.0,
  "sss_index": 0.25337954541096225,
  "texture_noise_sigma": 0.8947688937187195,
  "texture_unreliable": 0.0,
  "tv_residual_sparsity": 0.7713301777839661,
  "wld_joint_entropy": 5.814167270790615
}