{
  "autocorr_decay_len": 31.0,
  "bimodality_ashman_D": 3.067720515440911,
  "dwt_haar_HH_LL_ratio": 0.0002761470996529145,
  "dwt_haar_HH_LL_ratio_weight": 0.2,
  "edge_tortuosity_mean": 0.986886174461235,
  "fft_high_low_ratio": 0.00972968832709495,
  "gabor_f08_anisotropy": 1.9365636244805369,
  "gabor_f08_anisotropy_weight": 0.2,
  "glcm_diss_d3_aniso": 0.11607904321883819,
  "glrlm_sre": 0.24952013341818838,
  "glrlm_sre_weight": 0.2,
  "glszm_small_area_emphasis": 0.34490375742027846,
  "hemoglobin_od_std": 0.07304870672423251,
  "jpeg_blockiness": 1.839181137084961,
  "lacunarity": 1.9591642461808827,
  "lbp_r1_hist_entropy": 3.0331752842901096,
  "lbp_r1_hist_entropy_weight": 0.2,
  "melanin_hemo_slope": 0.6028797775684195,
  "ngtdm_coarseness": 0.5457054376350858,
  "ngtdm_coarseness_weight": 0.2,
  "noise_level": 0.6357547044754028,
  "overall_quality": 0.3261480940818786,
  "pore_density_r2_mpx": 19862.895470125517,
  "pore_eccentricity_mean": 0.8198205926740821,
  "pore_eccentricity_mean_weight": 0.2,
  "q_jpeg_blockiness": 1.839181137084961,
  "q_laplacian_var": 22.5695858001709,
  "q_noise_sigma": 0.6357547044754028,
  "q_tenengrad": 20.97347640991211,
  "seam_score": 0.07638328579769048,
  "shannon_entropy_q32": 4.835432624867007,
  "shannon_entropy_q32_weight": 0.2,
  "sharpness_score": 22.5695858001709,
  "spectral_slope_beta": 3.5377853200843683,
  "specular_dispersion": 0.0,
  "specular_elongation": 1.0,
  "specular_elongation_weight": 0.2,
  "specular_sharpness": 0.0,
  "sss_index": -0.037538576911691386,
  "texture_noise_sigma": 0.6357547044754028,
  "texture_unreliable": 1.0,
  "tv_residual_sparsity": 0.7394644021987915,
  "wld_joint_entropy": 6.0873469403089
}