{
  "autocorr_decay_len": 25.0,
  "bimodality_ashman_D": 2.978075438943092,
  "dwt_haar_HH_LL_ratio": 0.0006405830832574547,
  "dwt_haar_HH_LL_ratio_weight": 0.2,
  "edge_tortuosity_mean": 1.0017772888020482,
  "fft_high_low_ratio": 0.07023433868692469,
  "gabor_f08_anisotropy": 4.813834752856181,
  "gabor_f08_anisotropy_weight": 0.2,
  "glcm_diss_d3_aniso": 0.06904910457012195,
  "glrlm_sre": 0.40909587621398075,
  "glrlm_sre_weight": 0.2,
  "glszm_small_area_emphasis": 0.4745866117772947,
  "hemoglobin_od_std": 0.0663570425610124,
  "jpeg_blockiness": 1.6974943161010743,
  "lacunarity": 1.883390570143413,
  "lbp_r1_hist_entropy": 3.264724684962413,
  "lbp_r1_hist_entropy_weight": 0.2,
  "melanin_hemo_slope": 1.1896178516545277,
  "ngtdm_coarseness": 0.2390328890782071,
  "ngtdm_coarseness_weight": 0.2,
  "noise_level": 1.171325445175171,
  "overall_quality": 0.4156958799907139,
  "pore_density_r2_mpx": 31821.525505415622,
  "pore_eccentricity_mean": 0.8497830087607081,
  "pore_eccentricity_mean_weight": 0.2,
  "q_jpeg_blockiness": 1.6974943161010743,
  "q_laplacian_var": 89.81129455566406,
  "q_noise_sigma": 1.171325445175171,
  "q_tenengrad": 25.259445190429688,
  "seam_score": 0.03648501175251836,
  "shannon_entropy_q32": 5.018875299666832,
  "shannon_entropy_q32_weight": 0.2,
  "sharpness_score": 89.81129455566406,
  "spectral_slope_beta": 2.5745506284292685,
  "specular_dispersion": 0.0,
  "specular_elongation": 1.0,
  "specular_elongation_weight": 0.2,
  "specular_sharpness": 0.0,
  "sss_index": 0.024314506556275983,
  "texture_noise_sigma": 1.171325445175171,
  "texture_unreliable": 0.0,
  "tv_residual_sparsity": 0.7939696311950684,
  "wld_joint_entropy": 6.147882001015752
}